order_line_id,order_id,recipe_id,quantity,unit_price_inc_vat
900001,500001,103,2,79.42
900002,500001,102,2,64.2
900003,500001,105,4,71.1
900004,500001,107,2,74.16
900005,500002,105,4,59.75
900006,500002,103,4,54.31
900007,500002,108,2,68.7
900008,500003,110,4,58.91
900009,500003,109,2,68.19
900010,500003,103,4,65.09
900011,500003,108,4,77.62
900012,500003,102,2,55.74
900013,500004,103,2,72.22
900014,500004,109,2,57.14
900015,500004,102,4,56.18
900016,500004,101,4,72.78
900017,500004,105,2,92.71
900018,500005,108,2,77.37
900019,500005,107,2,63.92
900020,500005,109,2,60.2
900021,500006,103,2,92.76
900022,500006,105,2,92.37
900023,500006,107,4,71.7
900024,500007,105,4,56.66
900025,500007,108,4,68.95
900026,500007,104,4,61.45
900027,500007,102,2,91.45
900028,500007,109,4,79.64
900029,500008,102,4,67.03
900030,500008,110,2,94.54
900031,500008,109,2,74.26
900032,500009,101,4,58.73
900033,500009,105,4,77.33
900034,500009,110,2,55.23
900035,500009,106,2,91.07
900036,500009,108,2,73.0
900037,500010,106,4,65.93
900038,500010,102,2,83.72
900039,500010,108,4,81.82
900040,500010,103,4,78.08
900041,500010,101,2,94.36
900042,500011,104,4,76.77
900043,500011,102,4,62.24
900044,500011,110,4,77.42
900045,500012,106,4,71.05
900046,500012,102,4,51.38
900047,500012,105,2,57.81
900048,500013,103,4,74.05
900049,500013,105,2,62.16
900050,500013,107,2,80.6
900051,500014,108,4,75.2
900052,500014,103,2,73.02
900053,500014,101,2,57.48
900054,500015,109,4,81.21
900055,500015,106,2,88.17
900056,500015,107,2,80.84
900057,500015,102,2,55.37
900058,500015,101,4,78.55
900059,500016,104,4,55.85
900060,500016,101,2,66.99
900061,500016,102,2,94.99
900062,500017,103,2,85.83
900063,500017,110,2,76.46
900064,500017,101,4,71.8
900065,500017,109,4,55.88
900066,500017,105,2,81.54
900067,500018,103,2,90.07
900068,500018,101,4,66.22
900069,500018,102,2,73.31
900070,500018,104,2,56.31
900071,500018,105,4,83.01
900072,500019,108,2,91.27
900073,500019,105,2,87.23
900074,500019,101,2,59.79
900075,500019,104,4,72.57
900076,500019,110,2,69.52
900077,500020,105,2,79.96
900078,500020,107,4,85.34
900079,500020,109,2,70.89
900080,500021,110,2,76.83
900081,500021,102,2,69.21
900082,500021,107,4,70.25
900083,500022,105,2,79.43
900084,500022,104,4,56.15
900085,500022,106,2,63.59
900086,500022,102,4,79.05
900087,500022,108,4,54.94
900088,500023,101,2,94.78
900089,500023,102,4,71.97
900090,500023,106,4,71.45
900091,500023,107,4,56.17
900092,500023,109,4,72.0
900093,500024,101,2,68.89
900094,500024,107,4,54.18
900095,500024,104,2,86.26
900096,500024,109,2,88.31
900097,500025,108,4,65.09
900098,500025,106,2,66.14
900099,500025,107,2,93.41
900100,500026,103,4,79.33
900101,500026,107,4,63.03
900102,500026,106,4,54.85
900103,500027,110,2,75.18
900104,500027,107,2,67.79
900105,500027,104,2,56.52
900106,500027,108,2,73.5
900107,500027,103,2,65.91
900108,500028,101,4,74.45
900109,500028,105,2,76.86
900110,500028,110,4,61.01
900111,500029,109,2,82.69
900112,500029,106,2,57.1
900113,500029,104,2,72.77
900114,500030,110,2,80.33
900115,500030,107,4,55.1
900116,500030,108,2,81.14
900117,500030,102,4,69.61
900118,500030,106,4,83.54
900119,500031,106,2,89.03
900120,500031,109,4,69.91
900121,500031,105,2,89.87
900122,500032,106,2,87.41
900123,500032,102,2,72.66
900124,500032,110,4,86.17
900125,500033,101,4,66.54
900126,500033,107,4,83.99
900127,500033,110,4,83.15
900128,500034,108,4,59.36
900129,500034,105,2,87.53
900130,500034,110,4,55.3
900131,500034,109,4,69.84
900132,500035,108,2,70.05
900133,500035,110,4,83.51
900134,500035,106,2,86.73
900135,500036,110,4,74.3
900136,500036,103,4,68.74
900137,500036,109,4,65.92
900138,500037,104,2,67.39
900139,500037,103,2,80.76
900140,500037,109,2,85.02
900141,500038,104,4,67.77
900142,500038,107,2,90.34
900143,500038,102,2,59.97
900144,500039,106,4,83.62
900145,500039,103,2,75.0
900146,500039,110,4,51.12
900147,500040,109,4,50.69
900148,500040,106,2,65.87
900149,500040,107,2,65.03
900150,500041,102,4,53.4
900151,500041,110,2,63.23
900152,500041,107,4,50.63
900153,500041,108,4,58.99
900154,500041,104,4,67.33
900155,500042,109,2,75.63
900156,500042,107,4,84.05
900157,500042,108,2,85.69
900158,500042,101,2,86.62
900159,500043,110,4,72.2
900160,500043,101,2,73.13
900161,500043,107,4,62.46
900162,500044,106,4,60.45
900163,500044,108,4,74.48
900164,500044,101,2,88.72
900165,500045,108,4,69.92
900166,500045,107,2,63.5
900167,500045,103,2,70.8
900168,500046,110,2,91.3
900169,500046,109,4,85.28
900170,500046,103,2,59.75
900171,500046,108,2,70.1
900172,500047,107,4,77.66
900173,500047,108,4,85.8
900174,500047,104,4,60.81
900175,500048,107,4,85.22
900176,500048,108,2,69.07
900177,500048,106,4,86.79
900178,500049,103,2,81.13
900179,500049,102,4,69.71
900180,500049,110,4,63.75
900181,500049,105,4,80.28
900182,500050,109,2,84.49
900183,500050,110,2,74.26
900184,500050,108,2,78.65
900185,500051,104,2,69.82
900186,500051,103,4,52.9
900187,500051,102,2,90.71
900188,500052,107,2,77.59
900189,500052,109,2,89.45
900190,500052,106,2,94.78
900191,500053,103,2,91.54
900192,500053,108,2,86.01
900193,500053,105,4,64.5
900194,500053,102,4,62.07
900195,500053,106,2,81.27
900196,500054,110,4,79.24
900197,500054,103,2,67.95
900198,500054,109,2,82.85
900199,500055,104,4,61.14
900200,500055,110,2,75.49
900201,500055,106,4,73.51
900202,500056,106,2,92.95
900203,500056,101,4,60.33
900204,500056,107,2,74.01
900205,500056,104,2,75.62
900206,500057,106,4,60.65
900207,500057,101,2,70.75
900208,500057,102,4,57.9
900209,500058,110,4,54.59
900210,500058,109,4,62.33
900211,500058,101,2,87.69
900212,500058,103,4,74.12
900213,500059,110,4,59.69
900214,500059,104,2,71.74
900215,500059,107,4,62.01
900216,500059,109,2,92.25
900217,500059,101,2,79.69
900218,500060,109,4,59.27
900219,500060,110,4,64.77
900220,500060,103,4,81.51
900221,500060,101,4,87.36
900222,500061,107,2,88.84
900223,500061,104,4,73.32
900224,500061,108,2,85.43
900225,500062,104,4,77.17
900226,500062,105,4,69.31
900227,500062,102,4,79.78
900228,500063,102,4,65.6
900229,500063,103,4,79.01
900230,500063,110,2,76.39
900231,500063,106,2,57.57
900232,500063,101,2,57.92
900233,500064,106,4,70.74
900234,500064,110,4,57.73
900235,500064,108,4,65.07
900236,500064,103,2,65.28
900237,500065,104,2,55.24
900238,500065,109,2,56.59
900239,500065,110,2,78.38
900240,500066,102,4,85.04
900241,500066,108,2,62.13
900242,500066,107,4,55.03
900243,500067,110,4,62.58
900244,500067,107,4,63.55
900245,500067,102,2,83.26
900246,500067,103,2,70.49
900247,500068,104,4,68.87
900248,500068,110,2,65.22
900249,500068,106,4,75.78
900250,500068,102,4,85.89
900251,500069,105,4,61.48
900252,500069,110,2,64.71
900253,500069,106,4,80.89
900254,500070,104,2,59.79
900255,500070,105,2,64.89
900256,500070,106,2,77.98
900257,500071,108,4,71.48
900258,500071,109,2,65.18
900259,500071,103,4,61.26
900260,500071,105,2,70.71
900261,500071,104,2,88.75
900262,500072,109,4,67.97
900263,500072,105,2,85.69
900264,500072,107,4,73.41
900265,500072,108,4,82.05
900266,500073,107,4,85.09
900267,500073,102,2,58.54
900268,500073,110,2,74.58
900269,500073,105,4,64.05
900270,500073,104,4,51.67
900271,500074,103,4,87.2
900272,500074,104,4,76.52
900273,500074,102,2,88.68
900274,500075,108,4,81.15
900275,500075,105,4,77.65
900276,500075,104,2,80.63
900277,500075,106,2,84.3
900278,500075,109,2,79.95
900279,500076,105,2,91.9
900280,500076,110,2,57.62
900281,500076,109,2,75.47
900282,500077,104,4,76.0
900283,500077,102,4,51.13
900284,500077,109,2,57.41
900285,500077,103,2,80.75
900286,500078,106,4,56.86
900287,500078,109,2,68.01
900288,500078,104,4,58.96
900289,500078,105,4,87.38
900290,500078,108,2,61.0
900291,500079,102,2,91.91
900292,500079,105,2,92.06
900293,500079,101,4,55.88
900294,500079,104,2,69.77
900295,500079,107,4,53.09
900296,500080,104,4,66.0
900297,500080,106,4,78.86
900298,500080,103,4,53.64
900299,500080,108,4,57.5
900300,500081,109,4,80.16
900301,500081,110,4,81.17
900302,500081,106,2,89.65
900303,500082,106,4,79.39
900304,500082,105,4,62.89
900305,500082,103,2,67.83
900306,500082,109,4,79.03
900307,500083,103,4,54.82
900308,500083,102,2,70.39
900309,500083,108,2,72.04
900310,500084,108,2,76.76
900311,500084,107,2,66.26
900312,500084,110,4,76.7
900313,500084,101,2,63.1
900314,500085,999,4,80.06
900315,500085,103,4,75.24
900316,500085,109,4,81.42
900317,500086,104,4,52.73
900318,500086,101,4,63.14
900319,500086,107,4,68.2
900320,500087,106,4,62.32
900321,500087,105,4,82.15
900322,500087,109,2,63.79
900323,500087,108,2,93.85
900324,500088,107,4,57.7
900325,500088,102,4,69.31
900326,500088,101,2,66.25
900327,500089,103,2,91.67
900328,500089,110,2,92.2
900329,500089,108,4,58.15
900330,500090,103,4,58.34
900331,500090,107,2,83.94
900332,500090,109,4,76.14
900333,500090,108,2,87.16
900334,500090,105,4,87.37
900335,500091,106,2,82.41
900336,500091,107,4,61.54
900337,500091,105,2,61.23
900338,500092,101,2,80.81
900339,500092,106,2,68.42
900340,500092,103,2,67.42
900341,500093,102,4,71.95
900342,500093,107,2,59.96
900343,500093,109,2,91.11
900344,500093,103,4,76.59
900345,500094,107,4,76.71
900346,500094,108,4,75.43
900347,500094,110,4,71.82
900348,500095,107,4,62.17
900349,500095,104,2,81.34
900350,500095,106,2,87.43
900351,500096,101,4,72.37
900352,500096,109,2,84.92
900353,500096,103,4,83.14
900354,500097,103,4,64.17
900355,500097,108,4,64.15
900356,500097,106,4,51.61
900357,500098,106,2,82.81
900358,500098,103,4,87.1
900359,500098,101,2,71.79
900360,500099,101,2,58.03
900361,500099,108,4,86.74
900362,500099,102,4,86.65
900363,500099,110,2,64.7
900364,500100,106,4,81.75
900365,500100,102,2,81.63
900366,500100,105,2,69.44
900367,500101,101,4,53.24
900368,500101,105,4,73.28
900369,500101,106,4,55.94
900370,500101,103,4,76.2
900371,500102,107,2,88.35
900372,500102,110,2,56.19
900373,500102,102,2,64.11
900374,500102,104,4,75.47
900375,500103,999,2,76.91
900376,500103,101,2,79.67
900377,500103,109,2,69.04
900378,500104,104,2,74.59
900379,500104,103,2,81.2
900380,500104,108,4,79.5
900381,500104,101,4,68.35
900382,500104,102,2,71.86
900383,500105,110,2,65.18
900384,500105,104,4,53.87
900385,500105,105,2,77.8
900386,500105,107,4,64.33
900387,500106,104,2,63.99
900388,500106,108,4,66.86
900389,500106,101,2,90.15
900390,500107,101,2,90.66
900391,500107,107,2,80.4
900392,500107,102,4,59.87
900393,500108,102,2,62.57
900394,500108,109,4,53.3
900395,500108,105,2,56.31
900396,500108,103,2,76.41
900397,500108,106,2,73.37
900398,500109,102,4,50.92
900399,500109,105,2,79.85
900400,500109,107,4,59.93
900401,500109,101,4,50.98
900402,500110,110,2,77.58
900403,500110,109,4,50.69
900404,500110,105,4,64.28
900405,500110,107,2,87.73
900406,500111,107,4,81.67
900407,500111,106,4,64.58
900408,500111,105,2,88.04
900409,500112,109,4,69.59
900410,500112,103,2,91.93
900411,500112,106,2,89.53
900412,500113,110,4,83.71
900413,500113,105,2,56.46
900414,500113,102,4,53.33
900415,500113,106,2,76.83
900416,500114,110,4,77.77
900417,500114,104,2,89.19
900418,500114,105,4,85.27
900419,500115,106,2,82.62
900420,500115,109,4,51.19
900421,500115,110,4,83.47
900422,500115,104,4,71.59
900423,500116,104,2,80.88
900424,500116,108,4,58.12
900425,500116,102,4,78.8
900426,500116,109,4,60.42
900427,500116,103,2,66.3
900428,500117,102,2,61.68
900429,500117,104,2,58.83
900430,500117,101,2,77.02
900431,500118,108,4,56.21
900432,500118,110,2,85.07
900433,500118,106,2,73.75
900434,500119,104,4,54.91
900435,500119,106,4,57.03
900436,500119,105,4,79.98
900437,500119,107,2,78.68
900438,500120,106,4,64.0
900439,500120,104,2,59.47
900440,500120,108,2,62.82
900441,500120,103,4,61.05
900442,500121,110,2,94.29
900443,500121,108,2,57.28
900444,500121,105,2,65.14
900445,500122,107,2,64.3
900446,500122,109,4,82.12
900447,500122,106,2,83.26
900448,500122,101,2,90.48
900449,500123,106,4,73.18
900450,500123,103,2,64.64
900451,500123,108,4,58.96
900452,500123,105,2,74.43
900453,500124,107,4,63.58
900454,500124,105,2,67.33
900455,500124,108,2,80.03
900456,500124,109,4,78.7
900457,500125,110,2,92.54
900458,500125,107,4,69.16
900459,500125,108,4,51.79
900460,500126,107,4,60.25
900461,500126,101,4,69.56
900462,500126,104,4,57.33
900463,500127,102,4,85.03
900464,500127,101,2,88.87
900465,500127,104,4,52.63
900466,500128,109,2,93.81
900467,500128,110,4,53.9
900468,500128,105,4,52.73
900469,500128,104,4,80.58
900470,500129,110,2,78.55
900471,500129,107,4,64.13
900472,500129,108,2,91.77
900473,500129,106,4,57.84
900474,500129,102,2,85.33
900475,500130,106,2,77.76
900476,500130,102,4,66.12
900477,500130,104,2,56.23
900478,500130,107,2,58.68
900479,500130,101,2,58.72
900480,500131,107,4,83.26
900481,500131,108,4,70.59
900482,500131,101,2,68.4
900483,500131,104,2,74.82
900484,500131,109,4,56.87
900485,500132,110,2,72.97
900486,500132,107,2,83.97
900487,500132,104,2,73.57
900488,500133,106,4,82.61
900489,500133,101,2,82.01
900490,500133,110,2,78.92
900491,500134,101,2,94.39
900492,500134,102,4,61.43
900493,500134,105,2,76.46
900494,500134,107,2,58.49
900495,500135,110,2,59.43
900496,500135,101,2,90.62
900497,500135,103,4,72.62
900498,500135,104,4,60.12
900499,500136,103,4,66.89
900500,500136,110,4,61.44
900501,500136,105,4,62.86
900502,500136,108,2,94.35
900503,500136,104,4,86.62
900504,500137,101,4,67.14
900505,500137,108,4,53.38
900506,500137,103,4,82.92
900507,500137,106,2,70.69
900508,500137,104,4,79.53
900509,500138,102,4,60.21
900510,500138,105,2,74.47
900511,500138,109,4,82.25
900512,500139,108,2,81.86
900513,500139,102,4,60.54
900514,500139,101,2,72.62
900515,500140,104,2,56.24
900516,500140,105,2,55.54
900517,500140,107,2,85.75
900518,500141,109,2,78.8
900519,500141,101,4,52.97
900520,500141,110,4,71.51
900521,500142,106,2,94.58
900522,500142,104,2,72.54
900523,500142,105,2,91.76
900524,500142,103,4,64.37
900525,500143,101,4,51.17
900526,500143,108,4,61.59
900527,500143,103,4,60.1
900528,500144,101,4,68.2
900529,500144,106,4,50.89
900530,500144,110,4,64.2
900531,500145,102,2,83.87
900532,500145,108,4,52.13
900533,500145,104,2,70.95
900534,500146,103,4,80.28
900535,500146,101,2,61.87
900536,500146,104,4,81.5
900537,500146,109,4,77.71
900538,500147,101,2,61.63
900539,500147,106,4,74.43
900540,500147,104,4,64.2
900541,500147,110,4,70.61
900542,500147,102,2,81.49
900543,500148,110,2,77.25
900544,500148,101,2,85.0
900545,500148,103,4,67.45
900546,500149,107,2,56.19
900547,500149,106,2,58.12
900548,500149,105,2,64.99
900549,500149,110,2,76.86
900550,500149,101,2,60.92
900551,500150,102,2,62.08
900552,500150,109,2,64.06
900553,500150,101,2,73.22
900554,500150,104,2,83.79
900555,500151,101,4,59.18
900556,500151,104,2,91.59
900557,500151,109,2,62.41
900558,500151,103,2,77.15
900559,500152,104,4,72.08
900560,500152,103,2,91.19
900561,500152,105,2,75.38
900562,500153,105,2,67.83
900563,500153,101,2,73.96
900564,500153,106,4,78.89
900565,500154,109,2,78.55
900566,500154,110,2,78.34
900567,500154,102,4,76.68
900568,500155,108,4,70.96
900569,500155,102,4,61.65
900570,500155,107,4,84.97
900571,500155,103,2,62.57
900572,500155,109,2,56.91
900573,500156,999,2,74.96
900574,500156,102,4,81.02
900575,500156,103,2,63.14
900576,500157,110,4,67.45
900577,500157,103,2,90.97
900578,500157,107,4,67.49
900579,500157,106,4,59.13
900580,500158,108,4,81.55
900581,500158,107,4,64.93
900582,500158,109,4,53.2
900583,500159,102,2,91.87
900584,500159,101,2,81.65
900585,500159,106,2,88.44
900586,500160,104,2,79.92
900587,500160,102,2,68.0
900588,500160,109,4,78.57
900589,500161,104,2,91.33
900590,500161,103,4,66.26
900591,500161,106,4,64.9
900592,500161,101,2,92.09
900593,500162,107,2,55.36
900594,500162,102,4,61.83
900595,500162,108,4,72.67
900596,500162,109,2,89.94
900597,500163,105,2,93.51
900598,500163,110,2,65.02
900599,500163,103,2,90.06
900600,500164,101,2,58.32
900601,500164,108,2,61.0
900602,500164,105,2,92.69
900603,500165,101,4,70.99
900604,500165,103,4,66.64
900605,500165,109,2,62.4
900606,500165,105,2,77.64
900607,500166,101,2,75.48
900608,500166,106,2,70.74
900609,500166,107,4,55.57
900610,500167,101,4,57.01
900611,500167,103,2,88.83
900612,500167,109,2,78.44
900613,500167,104,2,69.64
900614,500168,106,4,58.72
900615,500168,107,4,82.45
900616,500168,110,2,63.67
900617,500169,108,2,84.41
900618,500169,107,4,77.55
900619,500169,106,4,66.45
900620,500169,110,2,80.84
900621,500169,109,2,89.74
900622,500170,109,4,68.73
900623,500170,104,2,73.57
900624,500170,103,4,83.87
900625,500170,108,2,73.4
900626,500171,103,2,68.08
900627,500171,104,2,64.22
900628,500171,107,2,56.84
900629,500171,105,4,84.65
900630,500171,108,4,72.02
900631,500172,107,4,77.29
900632,500172,108,2,61.09
900633,500172,109,2,90.27
900634,500173,101,2,68.57
900635,500173,110,4,81.54
900636,500173,105,4,86.29
900637,500173,107,4,85.81
900638,500174,104,4,69.14
900639,500174,103,2,70.49
900640,500174,106,2,59.54
900641,500175,109,2,73.6
900642,500175,102,2,70.54
900643,500175,110,4,63.96
900644,500176,101,2,90.06
900645,500176,104,4,77.35
900646,500176,103,4,52.66
900647,500176,102,4,80.51
900648,500177,106,4,77.94
900649,500177,110,4,73.72
900650,500177,107,4,55.12
900651,500178,106,2,77.25
900652,500178,108,2,60.41
900653,500178,105,2,74.53
900654,500178,101,2,84.57
900655,500178,104,4,57.0
900656,500179,106,4,74.14
900657,500179,101,4,54.15
900658,500179,108,4,64.82
900659,500179,102,2,74.55
900660,500180,104,2,79.36
900661,500180,103,2,59.1
900662,500180,102,4,73.28
900663,500181,108,2,60.27
900664,500181,107,4,83.78
900665,500181,101,2,60.62
900666,500182,104,4,69.36
900667,500182,107,4,71.85
900668,500182,101,2,89.16
900669,500182,108,2,55.28
900670,500182,103,2,87.16
900671,500183,101,4,54.32
900672,500183,103,2,77.67
900673,500183,107,2,82.39
900674,500184,109,4,86.74
900675,500184,106,4,85.17
900676,500184,105,2,79.96
900677,500184,103,2,85.46
900678,500184,104,4,67.04
900679,500185,101,2,89.5
900680,500185,104,4,65.76
900681,500185,103,4,61.48
900682,500185,107,4,58.27
900683,500185,105,2,80.0
900684,500186,108,4,74.34
900685,500186,109,2,66.08
900686,500186,106,4,61.53
900687,500186,107,4,79.64
900688,500187,101,2,74.25
900689,500187,107,4,69.55
900690,500187,104,4,75.08
900691,500188,106,4,66.36
900692,500188,109,4,64.97
900693,500188,105,4,59.45
900694,500188,104,2,59.13
900695,500189,107,2,64.78
900696,500189,104,4,83.41
900697,500189,103,4,74.38
900698,500190,105,4,80.38
900699,500190,103,4,79.64
900700,500190,109,2,70.84
900701,500191,108,2,82.75
900702,500191,101,2,58.58
900703,500191,106,4,78.51
900704,500192,107,2,69.36
900705,500192,108,4,68.66
900706,500192,105,4,56.43
900707,500192,104,4,71.58
900708,500192,110,2,83.47
900709,500193,110,4,70.82
900710,500193,103,2,79.4
900711,500193,107,4,70.75
900712,500194,110,4,65.7
900713,500194,101,2,83.58
900714,500194,109,2,63.69
900715,500195,110,2,78.69
900716,500195,104,2,92.09
900717,500195,107,4,74.51
900718,500195,108,4,72.04
900719,500196,110,2,74.6
900720,500196,105,2,65.94
900721,500196,109,2,74.4
900722,500196,101,2,65.01
900723,500197,105,4,77.64
900724,500197,102,2,92.7
900725,500197,103,4,58.09
900726,500197,107,4,72.92
900727,500198,102,4,66.66
900728,500198,107,2,56.21
900729,500198,109,4,82.02
900730,500199,101,4,85.41
900731,500199,105,4,64.97
900732,500199,110,4,76.26
900733,500200,102,4,77.63
900734,500200,108,2,72.89
900735,500200,106,2,57.25
900736,500201,108,2,89.12
900737,500201,106,4,83.08
900738,500201,102,4,62.69
900739,500202,104,4,51.57
900740,500202,110,4,86.34
900741,500202,102,4,79.77
900742,500202,108,4,74.43
900743,500203,106,4,67.6
900744,500203,103,4,63.59
900745,500203,105,2,68.33
900746,500204,103,4,61.99
900747,500204,108,2,65.39
900748,500204,109,2,73.19
900749,500205,108,2,90.0
900750,500205,103,2,89.45
900751,500205,110,4,70.88
900752,500205,107,2,55.68
900753,500205,109,2,68.46
900754,500206,107,2,79.97
900755,500206,106,2,94.51
900756,500206,102,4,79.28
900757,500206,104,4,62.24
900758,500206,108,4,85.14
900759,500207,101,4,60.05
900760,500207,105,2,89.74
900761,500207,109,2,65.9
900762,500207,103,2,61.33
900763,500208,999,2,55.29
900764,500208,110,4,62.17
900765,500208,104,4,61.94
900766,500208,107,2,94.16
900767,500209,108,2,94.77
900768,500209,105,2,90.02
900769,500209,109,2,60.32
900770,500210,103,2,76.21
900771,500210,110,4,69.22
900772,500210,109,2,92.3
900773,500211,106,2,86.19
900774,500211,105,4,50.85
900775,500211,102,4,83.34
900776,500212,108,2,94.1
900777,500212,104,4,81.53
900778,500212,110,2,81.74
900779,500213,108,2,86.45
900780,500213,103,4,84.18
900781,500213,101,4,54.53
900782,500214,101,4,84.12
900783,500214,104,2,56.68
900784,500214,102,4,61.56
900785,500214,109,4,79.32
900786,500214,108,4,76.5
900787,500215,110,4,75.19
900788,500215,108,4,84.66
900789,500215,101,4,82.94
900790,500216,109,4,74.17
900791,500216,106,2,89.81
900792,500216,102,2,75.56
900793,500217,109,4,70.34
900794,500217,105,2,57.07
900795,500217,101,2,63.07
900796,500217,106,2,56.32
900797,500218,101,4,70.43
900798,500218,107,4,64.43
900799,500218,110,2,93.26
900800,500219,102,2,86.16
900801,500219,108,2,83.68
900802,500219,101,2,61.73
900803,500220,101,4,82.44
900804,500220,107,2,59.27
900805,500220,106,4,75.8
900806,500221,108,4,51.4
900807,500221,101,2,89.67
900808,500221,110,4,59.21
900809,500222,108,2,72.96
900810,500222,105,2,90.18
900811,500222,101,2,91.19
900812,500222,109,4,61.59
900813,500223,104,2,94.23
900814,500223,105,2,64.57
900815,500223,102,2,71.14
900816,500224,105,2,82.89
900817,500224,106,2,94.4
900818,500224,108,2,94.36
900819,500224,103,2,91.18
900820,500225,109,4,68.68
900821,500225,110,4,82.42
900822,500225,104,2,72.63
900823,500226,105,4,79.34
900824,500226,108,4,60.71
900825,500226,107,4,67.22
900826,500227,103,4,86.84
900827,500227,101,2,61.03
900828,500227,106,2,91.27
900829,500228,109,2,70.22
900830,500228,105,4,85.04
900831,500228,110,2,55.91
900832,500228,102,2,78.61
900833,500229,103,4,84.57
900834,500229,110,2,61.79
900835,500229,108,2,84.51
900836,500230,101,2,92.61
900837,500230,107,4,72.71
900838,500230,108,4,53.59
900839,500230,103,2,55.72
900840,500230,109,4,82.07
900841,500231,108,2,87.98
900842,500231,109,2,86.51
900843,500231,107,2,89.3
900844,500232,103,2,88.48
900845,500232,106,2,60.25
900846,500232,102,2,75.01
900847,500233,101,4,84.56
900848,500233,104,4,77.12
900849,500233,110,4,62.74
900850,500233,103,4,70.81
900851,500234,105,2,69.34
900852,500234,107,2,90.83
900853,500234,106,4,83.56
900854,500234,103,4,74.36
900855,500235,101,2,79.02
900856,500235,103,4,63.68
900857,500235,108,4,86.23
900858,500236,104,2,79.61
900859,500236,106,2,91.11
900860,500236,105,2,75.39
900861,500236,108,4,51.09
900862,500236,109,4,76.04
900863,500237,105,2,82.6
900864,500237,109,4,65.59
900865,500237,110,4,56.0
900866,500237,106,4,59.13
900867,500238,102,4,83.03
900868,500238,101,2,59.57
900869,500238,110,2,60.69
900870,500238,106,2,74.55
900871,500239,102,2,70.55
900872,500239,108,4,76.72
900873,500239,109,2,65.36
900874,500239,110,4,80.02
900875,500240,105,4,66.45
900876,500240,110,4,53.58
900877,500240,103,2,75.38
900878,500241,107,2,93.85
900879,500241,105,4,62.76
900880,500241,104,4,77.59
900881,500242,101,4,54.82
900882,500242,106,4,71.55
900883,500242,107,4,68.74
900884,500243,105,4,53.91
900885,500243,102,4,66.8
900886,500243,106,2,91.82
900887,500244,104,2,64.29
900888,500244,102,2,58.76
900889,500244,106,4,81.5
900890,500244,109,4,70.91
900891,500245,109,2,74.7
900892,500245,104,4,60.96
900893,500245,105,2,68.8
900894,500245,106,4,57.08
900895,500246,110,2,93.16
900896,500246,104,2,91.23
900897,500246,107,2,55.54
900898,500246,109,4,57.01
900899,500247,110,2,61.95
900900,500247,102,2,79.29
900901,500247,105,4,78.72
900902,500248,110,2,64.73
900903,500248,103,4,82.07
900904,500248,101,4,52.23
900905,500248,102,2,87.51
900906,500249,106,4,82.92
900907,500249,105,4,68.51
900908,500249,102,2,88.89
900909,500250,105,4,76.1
900910,500250,109,2,92.22
900911,500250,106,4,56.42
900912,500250,101,2,94.14
900913,500251,102,4,70.46
900914,500251,108,2,91.9
900915,500251,105,2,55.17
900916,500252,105,4,56.61
900917,500252,102,2,75.29
900918,500252,101,2,64.15
900919,500252,108,4,82.0
900920,500253,107,4,76.12
900921,500253,104,2,93.51
900922,500253,102,2,55.4
900923,500254,102,2,92.17
900924,500254,107,2,76.27
900925,500254,105,4,58.51
900926,500255,104,4,76.42
900927,500255,102,4,59.18
900928,500255,110,4,50.95
900929,500255,109,4,77.98
900930,500256,109,2,91.0
900931,500256,108,4,78.6
900932,500256,105,4,57.62
900933,500257,104,4,54.56
900934,500257,109,2,63.3
900935,500257,106,2,84.73
900936,500258,104,2,76.6
900937,500258,106,4,58.99
900938,500258,107,4,63.66
900939,500259,106,2,73.84
900940,500259,103,4,53.19
900941,500259,101,4,61.12
900942,500260,101,2,56.34
900943,500260,104,2,67.96
900944,500260,109,4,83.22
900945,500260,110,2,75.42
900946,500261,102,2,62.67
900947,500261,104,4,67.26
900948,500261,106,4,68.39
900949,500261,107,2,80.52
900950,500262,108,4,60.98
900951,500262,104,4,79.44
900952,500262,103,4,64.0
900953,500262,110,2,66.39
900954,500262,102,2,65.15
900955,500263,110,4,61.03
900956,500263,101,4,79.62
900957,500263,103,2,79.67
900958,500264,108,2,94.44
900959,500264,102,4,73.29
900960,500264,101,2,60.4
900961,500265,107,4,55.36
900962,500265,103,4,60.86
900963,500265,110,4,64.52
900964,500265,104,4,61.82
900965,500266,105,4,67.78
900966,500266,106,4,84.7
900967,500266,108,2,78.72
900968,500267,104,2,73.17
900969,500267,103,2,60.57
900970,500267,108,4,75.03
900971,500268,101,2,92.65
900972,500268,107,4,60.22
900973,500268,103,4,86.52
900974,500269,103,2,87.58
900975,500269,109,2,88.34
900976,500269,102,4,60.21
900977,500269,108,2,59.8
900978,500270,110,2,76.67
900979,500270,101,4,54.25
900980,500270,104,4,81.18
900981,500271,105,2,84.62
900982,500271,102,2,80.27
900983,500271,108,4,63.37
900984,500271,106,4,51.58
900985,500271,104,4,79.2
900986,500272,104,4,73.53
900987,500272,106,4,52.55
900988,500272,109,4,81.13
900989,500272,107,2,77.39
900990,500273,105,4,82.08
900991,500273,108,2,67.63
900992,500273,103,2,75.84
900993,500274,105,2,89.66
900994,500274,107,2,89.2
900995,500274,104,2,78.15
900996,500274,109,2,81.88
900997,500274,110,4,63.75
900998,500275,109,2,60.26
900999,500275,106,4,74.86
901000,500275,104,4,68.05
901001,500275,103,2,93.33
901002,500276,110,4,76.69
901003,500276,105,4,86.31
901004,500276,108,2,88.89
901005,500276,106,2,74.34
901006,500277,101,2,62.42
901007,500277,106,2,80.17
901008,500277,108,2,77.51
901009,500278,107,2,87.63
901010,500278,110,2,80.39
901011,500278,101,2,65.13
901012,500278,104,4,66.99
901013,500278,106,4,64.99
901014,500279,110,4,60.08
901015,500279,108,2,78.78
901016,500279,104,2,92.76
901017,500279,101,2,73.86
901018,500280,105,2,69.62
901019,500280,110,4,72.25
901020,500280,104,4,65.38
901021,500280,103,4,61.56
901022,500280,109,2,64.14
901023,500281,102,4,61.44
901024,500281,107,2,93.3
901025,500281,103,2,56.1
901026,500282,105,4,54.54
901027,500282,103,4,54.83
901028,500282,110,4,85.96
901029,500282,107,2,68.46
901030,500283,101,4,66.77
901031,500283,108,2,94.36
901032,500283,110,2,71.53
901033,500284,104,4,86.81
901034,500284,102,4,67.36
901035,500284,103,4,55.48
901036,500285,104,2,73.17
901037,500285,106,4,68.17
901038,500285,107,2,87.27
901039,500285,103,2,83.71
901040,500286,103,2,88.36
901041,500286,101,4,75.14
901042,500286,107,4,72.48
901043,500287,109,2,63.77
901044,500287,107,4,70.03
901045,500287,104,2,86.91
901046,500288,104,2,57.35
901047,500288,106,4,50.66
901048,500288,102,4,68.6
901049,500288,105,2,81.15
901050,500288,108,4,85.89
901051,500289,102,2,59.74
901052,500289,108,2,90.26
901053,500289,106,4,86.96
901054,500290,108,2,84.13
901055,500290,109,4,75.62
901056,500290,110,4,74.28
901057,500291,106,4,64.86
901058,500291,101,2,65.41
901059,500291,104,4,53.7
901060,500291,102,4,54.48
901061,500291,107,4,62.03
901062,500292,101,4,52.22
901063,500292,103,4,58.86
901064,500292,105,4,54.15
901065,500293,105,2,80.75
901066,500293,110,4,59.2
901067,500293,103,4,69.88
901068,500293,108,4,54.73
901069,500294,108,2,73.73
901070,500294,106,2,67.83
901071,500294,105,4,74.41
901072,500294,102,2,71.91
901073,500295,106,4,81.26
901074,500295,102,2,82.78
901075,500295,109,2,79.11
901076,500296,103,2,81.01
901077,500296,102,4,83.85
901078,500296,106,4,68.85
901079,500296,110,4,59.4
901080,500297,105,2,94.41
901081,500297,107,2,75.91
901082,500297,104,4,74.79
901083,500298,101,2,78.87
901084,500298,110,2,62.91
901085,500298,108,4,67.19
901086,500299,102,2,80.17
901087,500299,109,2,76.46
901088,500299,103,2,57.12
901089,500300,103,2,65.34
901090,500300,108,4,71.41
901091,500300,107,4,74.97
901092,500301,108,2,66.98
901093,500301,101,4,84.75
901094,500301,103,2,69.08
901095,500302,110,2,94.43
901096,500302,106,4,75.97
901097,500302,103,2,55.96
901098,500302,107,4,82.44
901099,500302,101,4,76.16
901100,500303,102,4,58.47
901101,500303,106,4,85.67
901102,500303,103,4,81.46
901103,500303,104,2,69.46
901104,500303,101,2,70.44
901105,500304,103,2,77.21
901106,500304,102,2,77.05
901107,500304,101,4,62.77
901108,500305,101,4,72.34
901109,500305,106,2,81.4
901110,500305,107,4,55.49
901111,500306,109,4,74.59
901112,500306,103,4,57.01
901113,500306,105,4,79.97
901114,500306,106,4,85.65
901115,500306,102,4,69.4
901116,500307,109,2,64.74
901117,500307,103,4,86.2
901118,500307,107,4,78.65
901119,500307,105,2,55.72
901120,500307,106,2,79.0
901121,500308,107,4,58.87
901122,500308,103,2,70.05
901123,500308,104,4,73.68
901124,500308,110,2,55.9
901125,500308,109,4,58.01
901126,500309,102,2,64.63
901127,500309,108,2,77.71
901128,500309,110,2,61.25
901129,500310,107,2,89.34
901130,500310,110,2,81.92
901131,500310,101,2,57.79
901132,500310,104,4,53.16
901133,500310,108,4,60.42
901134,500311,104,4,85.32
901135,500311,103,2,66.69
901136,500311,102,2,74.21
901137,500311,101,4,63.05
901138,500312,106,4,85.05
901139,500312,102,4,77.46
901140,500312,108,2,60.28
901141,500312,109,4,80.17
901142,500313,108,2,59.22
901143,500313,104,4,53.31
901144,500313,110,2,77.13
901145,500313,103,4,64.49
901146,500313,105,2,74.81
901147,500314,109,2,81.42
901148,500314,108,4,85.73
901149,500314,103,4,87.15
901150,500314,101,2,87.09
901151,500315,109,2,82.32
901152,500315,110,2,74.04
901153,500315,105,4,67.92
901154,500315,108,4,58.04
901155,500315,106,4,66.17
901156,500316,107,4,78.59
901157,500316,103,4,79.53
901158,500316,109,4,51.65
901159,500316,108,4,86.26
901160,500317,104,2,67.09
901161,500317,109,4,73.6
901162,500317,106,2,64.28
901163,500317,108,2,78.11
901164,500318,104,2,67.53
901165,500318,108,2,79.85
901166,500318,106,2,56.94
901167,500318,103,4,83.08
901168,500318,109,2,81.4
901169,500319,108,4,81.11
901170,500319,104,4,59.95
901171,500319,106,4,67.39
901172,500320,102,4,67.75
901173,500320,104,2,93.24
901174,500320,108,2,63.85
901175,500321,101,2,88.07
901176,500321,105,4,78.14
901177,500321,103,2,79.94
901178,500321,106,2,91.52
901179,500321,104,4,70.13
901180,500322,108,2,92.65
901181,500322,107,2,80.67
901182,500322,102,4,84.19
901183,500323,107,4,70.46
901184,500323,109,2,67.72
901185,500323,101,4,55.96
901186,500324,106,2,91.11
901187,500324,102,2,93.17
901188,500324,101,2,94.95
901189,500324,109,4,52.32
901190,500325,108,2,86.05
901191,500325,101,2,66.29
901192,500325,102,4,77.83
901193,500326,101,2,81.61
901194,500326,107,4,71.49
901195,500326,105,2,93.52
901196,500327,103,4,56.83
901197,500327,102,2,90.19
901198,500327,110,2,57.62
901199,500327,104,2,93.79
901200,500328,101,4,86.5
901201,500328,106,2,57.27
901202,500328,109,4,77.53
901203,500328,105,2,81.28
901204,500329,106,2,74.6
901205,500329,102,2,57.81
901206,500329,105,4,80.16
901207,500330,109,2,86.45
901208,500330,104,4,62.25
901209,500330,101,4,77.49
901210,500330,106,2,67.37
901211,500331,109,4,82.21
901212,500331,103,2,88.21
901213,500331,107,4,76.33
901214,500332,102,2,89.07
901215,500332,110,4,73.49
901216,500332,109,4,61.43
901217,500333,104,4,78.99
901218,500333,102,2,94.99
901219,500333,109,4,79.66
901220,500333,106,2,90.48
901221,500333,101,2,70.39
901222,500334,101,4,54.37
901223,500334,107,2,80.73
901224,500334,103,2,58.21
901225,500334,104,2,69.86
901226,500335,102,4,75.54
901227,500335,110,4,74.58
901228,500335,103,4,74.26
901229,500336,107,4,52.86
901230,500336,102,4,64.18
901231,500336,104,2,80.93
901232,500337,108,2,66.52
901233,500337,105,4,65.63
901234,500337,107,4,86.58
901235,500338,106,2,84.75
901236,500338,103,4,83.68
901237,500338,109,2,72.5
901238,500338,104,4,80.59
901239,500339,104,2,57.52
901240,500339,108,2,63.87
901241,500339,106,2,91.93
901242,500340,105,2,62.64
901243,500340,104,2,74.57
901244,500340,109,4,67.23
901245,500340,110,2,63.18
901246,500341,104,4,60.15
901247,500341,106,2,78.66
901248,500341,103,2,78.06
901249,500341,107,4,59.45
901250,500341,109,2,66.98
901251,500342,106,4,78.13
901252,500342,105,2,59.34
901253,500342,108,4,57.52
901254,500343,107,4,59.18
901255,500343,104,2,91.46
901256,500343,108,4,81.19
901257,500343,101,2,67.67
901258,500343,103,4,84.74
901259,500344,107,4,73.01
901260,500344,110,2,63.41
901261,500344,105,4,73.45
901262,500344,104,2,84.39
901263,500344,103,4,80.18
901264,500345,102,2,73.61
901265,500345,109,2,87.87
901266,500345,108,2,82.3
901267,500346,104,4,86.24
901268,500346,110,4,57.66
901269,500346,109,2,65.81
901270,500347,101,4,85.29
901271,500347,103,2,82.75
901272,500347,107,4,71.85
901273,500348,106,4,77.94
901274,500348,108,4,82.57
901275,500348,105,4,52.46
901276,500349,103,4,83.39
901277,500349,106,2,88.98
901278,500349,109,2,74.83
901279,500349,108,4,55.84
901280,500349,104,2,94.55
901281,500350,103,4,66.37
901282,500350,109,4,80.34
901283,500350,102,4,81.27
901284,500351,109,4,83.65
901285,500351,103,4,79.95
901286,500351,110,4,70.23
901287,500352,102,4,85.68
901288,500352,105,4,68.61
901289,500352,108,4,83.21
901290,500353,107,4,66.23
901291,500353,110,2,65.32
901292,500353,101,4,85.72
901293,500354,109,2,75.42
901294,500354,103,2,94.85
901295,500354,108,4,65.6
901296,500354,102,4,56.81
901297,500354,107,2,85.22
901298,500355,110,4,60.17
901299,500355,102,2,87.39
901300,500355,103,4,58.21
901301,500355,107,2,89.48
901302,500355,104,4,83.63
901303,500356,101,4,86.19
901304,500356,107,2,58.75
901305,500356,108,2,63.37
901306,500357,106,2,83.15
901307,500357,104,2,83.12
901308,500357,101,2,86.67
901309,500358,105,2,81.68
901310,500358,103,2,66.91
901311,500358,108,4,63.98
901312,500359,110,4,54.43
901313,500359,108,2,91.36
901314,500359,103,4,85.43
901315,500360,105,2,64.03
901316,500360,101,4,61.03
901317,500360,104,2,70.0
901318,500361,102,4,86.64
901319,500361,110,4,74.91
901320,500361,104,4,64.97
901321,500361,101,2,88.8
901322,500361,108,4,72.98
901323,500362,104,2,61.7
901324,500362,110,4,61.88
901325,500362,101,4,79.01
901326,500362,106,2,62.95
901327,500363,105,2,77.1
901328,500363,102,4,61.79
901329,500363,110,2,72.99
901330,500364,103,2,81.38
901331,500364,106,4,84.49
901332,500364,107,4,74.67
901333,500364,101,4,58.85
901334,500364,104,4,69.89
901335,500365,105,4,64.97
901336,500365,109,4,67.54
901337,500365,108,4,60.65
901338,500365,101,2,59.77
901339,500365,104,4,83.4
901340,500366,110,4,84.8
901341,500366,107,2,78.53
901342,500366,101,4,60.84
901343,500366,103,2,86.29
901344,500366,106,2,81.76
901345,500367,109,4,71.88
901346,500367,110,2,91.51
901347,500367,104,2,93.02
901348,500367,107,2,66.48
901349,500368,107,4,58.6
901350,500368,104,4,65.92
901351,500368,101,4,79.08
901352,500368,103,2,66.45
901353,500369,103,2,57.84
901354,500369,101,2,92.71
901355,500369,106,2,89.17
901356,500370,106,2,65.69
901357,500370,103,2,83.62
901358,500370,104,4,72.85
901359,500370,101,2,56.76
901360,500370,102,4,54.42
901361,500371,106,2,61.81
901362,500371,110,4,55.77
901363,500371,107,2,62.67
901364,500372,109,2,86.45
901365,500372,101,4,56.66
901366,500372,105,2,70.63
901367,500372,104,2,92.69
901368,500372,110,2,68.73
901369,500373,104,4,72.62
901370,500373,103,2,69.66
901371,500373,106,4,56.53
901372,500374,109,2,58.17
901373,500374,108,2,61.68
901374,500374,105,4,78.33
901375,500375,105,4,54.44
901376,500375,110,4,76.94
901377,500375,102,4,86.58
901378,500376,109,4,71.97
901379,500376,110,2,69.13
901380,500376,108,2,72.3
901381,500377,104,2,56.46
901382,500377,107,4,83.21
901383,500377,106,4,66.8
901384,500377,109,2,90.93
901385,500377,101,2,82.0
901386,500378,109,2,82.26
901387,500378,108,2,62.68
901388,500378,101,4,52.58
901389,500378,103,4,82.56
901390,500379,107,2,89.33
901391,500379,109,4,70.37
901392,500379,103,4,79.27
901393,500380,106,4,72.07
901394,500380,102,2,81.79
901395,500380,107,4,70.58
901396,500380,104,2,68.74
901397,500380,110,2,84.22
901398,500381,110,4,59.13
901399,500381,102,2,89.18
901400,500381,109,2,64.35
901401,500382,101,4,58.1
901402,500382,107,2,73.8
901403,500382,109,4,74.16
901404,500382,102,4,61.42
901405,500383,103,2,64.99
901406,500383,104,2,91.44
901407,500383,101,2,69.55
901408,500383,107,4,81.74
901409,500383,110,2,56.71
901410,500384,104,2,77.7
901411,500384,107,4,54.18
901412,500384,109,2,85.68
901413,500384,110,2,78.49
901414,500384,103,4,70.43
901415,500385,109,2,57.49
901416,500385,104,2,58.56
901417,500385,103,4,58.68
901418,500386,103,4,70.64
901419,500386,102,2,86.76
901420,500386,101,2,88.38
901421,500387,104,4,57.83
901422,500387,102,4,82.48
901423,500387,103,2,68.28
901424,500388,105,4,74.78
901425,500388,103,4,71.28
901426,500388,110,4,63.9
901427,500389,104,2,69.75
901428,500389,103,2,81.49
901429,500389,108,2,60.8
901430,500389,101,4,79.51
901431,500390,101,4,52.77
901432,500390,108,2,80.56
901433,500390,102,4,82.05
901434,500390,110,4,71.2
901435,500391,103,4,70.98
901436,500391,101,4,87.35
901437,500391,104,2,70.33
901438,500392,109,4,86.12
901439,500392,102,4,81.69
901440,500392,106,2,60.46
901441,500393,104,4,83.35
901442,500393,107,2,56.18
901443,500393,102,2,85.21
901444,500393,103,2,82.67
901445,500393,101,2,94.49
901446,500394,108,2,92.61
901447,500394,103,2,79.43
901448,500394,107,4,55.45
901449,500394,109,2,59.45
901450,500394,110,2,66.59
901451,500395,106,2,80.4
901452,500395,105,4,81.12
901453,500395,107,4,73.65
901454,500395,104,2,59.77
901455,500396,108,2,70.78
901456,500396,105,4,76.33
901457,500396,110,2,60.19
901458,500397,102,4,86.5
901459,500397,107,2,69.89
901460,500397,103,2,92.46
901461,500397,101,2,87.87
901462,500398,109,2,85.51
901463,500398,103,2,64.75
901464,500398,101,4,84.79
901465,500398,106,2,89.4
901466,500398,108,2,83.51
901467,500399,104,4,87.08
901468,500399,102,4,64.48
901469,500399,105,2,71.27
901470,500399,110,4,76.13
901471,500399,106,2,80.24
901472,500400,102,4,61.54
901473,500400,106,2,93.1
901474,500400,108,4,83.37
901475,500400,101,4,71.6
901476,500401,101,4,74.27
901477,500401,107,2,72.03
901478,500401,108,2,80.87
901479,500402,109,2,92.68
901480,500402,101,2,91.99
901481,500402,106,4,74.21
901482,500402,102,2,75.0
901483,500403,102,4,84.18
901484,500403,101,2,86.59
901485,500403,106,2,82.94
901486,500404,107,2,90.1
901487,500404,101,4,61.48
901488,500404,105,4,56.81
901489,500405,107,4,70.35
901490,500405,109,4,62.51
901491,500405,104,4,55.05
901492,500406,102,4,80.26
901493,500406,109,2,78.97
901494,500406,104,4,84.35
901495,500406,108,4,65.09
901496,500406,105,2,92.65
901497,500407,109,4,65.99
901498,500407,107,4,83.64
901499,500407,105,2,88.83
901500,500408,107,4,83.19
901501,500408,103,4,53.8
901502,500408,106,4,58.23
901503,500409,108,4,58.39
901504,500409,106,4,85.66
901505,500409,109,4,78.9
901506,500410,108,4,80.66
901507,500410,107,2,55.03
901508,500410,102,4,78.73
901509,500410,110,2,65.2
901510,500411,108,4,72.15
901511,500411,104,4,83.92
901512,500411,107,4,53.54
901513,500411,102,4,54.72
901514,500412,110,2,63.94
901515,500412,102,2,94.23
901516,500412,101,4,60.21
901517,500413,105,2,59.78
901518,500413,107,4,68.53
901519,500413,109,4,58.89
901520,500414,109,2,83.69
901521,500414,106,4,65.45
901522,500414,103,2,60.4
901523,500415,107,4,66.15
901524,500415,109,2,69.21
901525,500415,102,2,56.92
901526,500415,110,4,69.45
901527,500416,101,2,84.95
901528,500416,107,2,68.84
901529,500416,104,4,83.04
901530,500417,108,4,70.27
901531,500417,101,4,83.68
901532,500417,109,2,88.63
901533,500418,102,4,61.21
901534,500418,110,2,73.15
901535,500418,105,4,71.62
901536,500418,107,4,81.75
901537,500418,103,4,64.06
901538,500419,101,2,78.16
901539,500419,108,2,79.58
901540,500419,107,4,55.36
901541,500420,103,2,62.23
901542,500420,102,2,55.59
901543,500420,107,4,68.76
901544,500421,104,4,69.0
901545,500421,108,2,91.0
901546,500421,110,2,74.91
901547,500422,108,4,55.37
901548,500422,106,4,72.62
901549,500422,110,2,55.36
901550,500423,102,2,57.58
901551,500423,101,4,60.76
901552,500423,106,2,74.07
901553,500424,104,2,63.66
901554,500424,101,2,71.1
901555,500424,108,4,58.02
901556,500424,107,2,83.71
901557,500424,105,2,75.32
901558,500425,107,4,53.25
901559,500425,108,2,71.42
901560,500425,101,2,69.14
901561,500425,102,4,56.11
901562,500426,101,2,88.9
901563,500426,106,2,68.68
901564,500426,110,4,53.55
901565,500426,109,2,73.48
901566,500426,108,4,54.64
901567,500427,107,2,86.21
901568,500427,109,4,74.02
901569,500427,104,2,89.45
901570,500427,110,2,55.86
901571,500428,999,2,79.18
901572,500428,101,4,74.44
901573,500428,108,4,54.23
901574,500428,107,2,72.65
901575,500428,105,2,68.75
901576,500429,103,2,80.0
901577,500429,110,4,83.65
901578,500429,106,4,57.34
901579,500430,106,4,76.43
901580,500430,104,4,54.37
901581,500430,109,4,64.68
901582,500430,105,4,55.16
901583,500431,110,4,70.86
901584,500431,109,2,84.7
901585,500431,106,2,86.47
901586,500431,108,2,55.84
901587,500432,102,4,52.11
901588,500432,105,2,66.27
901589,500432,110,2,87.48
901590,500432,108,4,66.13
901591,500433,110,4,63.0
901592,500433,108,2,75.55
901593,500433,103,4,56.5
901594,500433,102,2,93.72
901595,500434,101,4,53.15
901596,500434,105,2,68.08
901597,500434,110,2,69.76
901598,500435,107,4,64.46
901599,500435,103,2,68.09
901600,500435,102,4,69.82
901601,500436,105,2,74.55
901602,500436,106,2,60.57
901603,500436,110,2,90.99
901604,500437,105,2,94.51
901605,500437,103,2,60.94
901606,500437,101,2,69.82
901607,500437,106,4,81.62
901608,500437,107,4,56.83
901609,500438,105,4,78.25
901610,500438,109,4,78.35
901611,500438,104,2,83.21
901612,500438,103,2,84.09
901613,500438,101,2,83.29
901614,500439,103,2,74.29
901615,500439,108,4,52.46
901616,500439,109,2,61.73
901617,500440,101,4,60.14
901618,500440,103,4,68.8
901619,500440,108,2,87.14
901620,500440,109,2,85.85
901621,500441,107,2,78.58
901622,500441,101,2,86.64
901623,500441,102,2,92.15
901624,500442,108,2,68.45
901625,500442,109,4,79.76
901626,500442,102,4,84.03
901627,500443,108,4,67.84
901628,500443,102,2,88.12
901629,500443,106,2,89.15
901630,500444,105,2,68.18
901631,500444,109,4,78.71
901632,500444,102,2,80.8
901633,500444,101,4,75.68
901634,500444,107,2,86.81
901635,500445,104,2,72.63
901636,500445,110,2,74.85
901637,500445,109,2,72.8
901638,500445,108,2,80.28
901639,500445,102,4,53.93
901640,500446,109,2,93.71
901641,500446,101,4,75.97
901642,500446,105,2,92.94
901643,500446,110,2,89.17
901644,500446,106,4,68.13
901645,500447,110,2,71.55
901646,500447,105,4,60.09
901647,500447,102,4,69.5
901648,500447,107,4,52.27
901649,500448,107,2,91.54
901650,500448,102,2,78.46
901651,500448,103,4,72.49
901652,500449,102,4,59.11
901653,500449,106,4,84.65
901654,500449,110,4,87.27
901655,500449,109,2,94.93
901656,500450,107,4,75.31
901657,500450,109,4,57.07
901658,500450,104,2,77.99
901659,500450,105,4,83.08
901660,500450,110,2,91.09
901661,500451,106,4,63.97
901662,500451,103,2,62.25
901663,500451,109,2,90.41
901664,500451,102,2,77.96
901665,500452,108,2,66.34
901666,500452,103,2,65.39
901667,500452,102,4,76.5
901668,500453,107,4,62.38
901669,500453,110,2,67.0
901670,500453,104,2,72.86
901671,500453,102,2,75.81
901672,500453,103,2,92.26
901673,500454,101,4,75.71
901674,500454,108,2,71.71
901675,500454,105,4,54.27
901676,500455,107,4,82.45
901677,500455,105,2,80.05
901678,500455,108,4,83.63
901679,500455,110,4,65.08
901680,500455,101,4,53.83
901681,500456,104,2,59.55
901682,500456,101,2,91.34
901683,500456,102,2,70.08
901684,500456,109,2,64.9
901685,500456,108,4,77.08
901686,500457,102,2,71.46
901687,500457,106,4,81.89
901688,500457,107,4,75.86
901689,500457,108,2,55.57
901690,500457,109,4,62.58
901691,500458,104,2,86.73
901692,500458,102,2,60.84
901693,500458,101,4,54.74
901694,500458,106,4,61.58
901695,500459,106,2,90.9
901696,500459,102,2,66.32
901697,500459,103,4,52.41
901698,500459,107,2,72.82
901699,500460,106,4,87.07
901700,500460,108,2,70.19
901701,500460,101,4,84.99
901702,500460,104,2,59.6
901703,500460,107,4,67.74
901704,500461,103,4,76.78
901705,500461,102,4,68.9
901706,500461,108,4,79.58
901707,500462,102,4,77.16
901708,500462,107,2,90.96
901709,500462,104,4,58.59
901710,500462,103,4,57.69
901711,500463,104,2,63.59
901712,500463,109,4,59.79
901713,500463,101,4,72.54
901714,500464,107,4,55.84
901715,500464,104,2,82.17
901716,500464,109,4,78.7
901717,500464,108,2,94.58
901718,500465,101,4,70.42
901719,500465,106,2,68.59
901720,500465,102,4,86.95
901721,500465,103,2,75.12
901722,500466,109,2,85.93
901723,500466,108,2,62.9
901724,500466,105,4,66.61
901725,500467,109,4,69.52
901726,500467,102,2,59.81
901727,500467,107,2,63.87
901728,500467,103,2,69.97
901729,500467,105,4,83.47
901730,500468,103,4,77.31
901731,500468,110,2,61.82
901732,500468,108,4,67.92
901733,500469,110,2,73.43
901734,500469,107,2,91.7
901735,500469,102,2,78.76
901736,500470,109,4,65.27
901737,500470,110,4,87.25
901738,500470,105,2,88.95
901739,500470,102,4,65.88
901740,500470,101,4,62.03
901741,500471,104,2,87.42
901742,500471,101,2,82.22
901743,500471,106,2,66.76
901744,500471,108,2,80.66
901745,500472,106,4,73.87
901746,500472,102,2,74.08
901747,500472,108,2,68.64
901748,500473,102,2,62.06
901749,500473,101,2,76.73
901750,500473,103,4,83.63
901751,500473,109,2,94.33
901752,500473,106,2,60.25
901753,500474,106,2,81.59
901754,500474,110,4,77.46
901755,500474,102,2,83.43
901756,500475,108,4,57.96
901757,500475,102,2,71.03
901758,500475,103,4,74.14
901759,500476,102,4,58.71
901760,500476,110,2,75.71
901761,500476,103,2,88.59
901762,500477,102,2,65.85
901763,500477,104,4,84.52
901764,500477,108,2,58.23
901765,500477,109,2,89.58
901766,500478,102,4,59.78
901767,500478,103,2,63.37
901768,500478,108,2,77.58
901769,500479,101,2,88.82
901770,500479,107,4,58.44
901771,500479,108,4,81.37
901772,500480,102,4,69.31
901773,500480,110,2,55.78
901774,500480,107,4,68.0
901775,500481,110,2,59.09
901776,500481,108,4,85.01
901777,500481,103,4,60.31
901778,500482,103,4,61.39
901779,500482,107,2,84.85
901780,500482,109,4,59.71
901781,500482,110,2,90.85
901782,500483,106,2,70.19
901783,500483,105,2,92.28
901784,500483,109,4,74.8
901785,500483,108,2,72.58
901786,500484,103,4,83.67
901787,500484,107,4,77.07
901788,500484,108,2,84.59
901789,500484,101,2,56.19
901790,500485,103,2,69.1
901791,500485,110,4,70.53
901792,500485,106,4,68.24
901793,500486,101,2,61.77
901794,500486,106,2,91.64
901795,500486,107,2,67.44
901796,500487,110,4,62.43
901797,500487,104,4,76.41
901798,500487,102,4,81.58
901799,500488,106,2,77.74
901800,500488,108,4,79.76
901801,500488,102,2,90.69
901802,500488,103,2,78.26
901803,500489,110,4,70.4
901804,500489,108,4,78.89
901805,500489,101,4,59.03
901806,500489,104,2,66.43
901807,500489,109,2,82.27
901808,500490,104,4,61.5
901809,500490,101,4,74.96
901810,500490,102,4,72.83
901811,500491,102,4,62.59
901812,500491,110,2,91.92
901813,500491,107,2,87.5
901814,500491,103,2,85.2
901815,500492,107,4,85.39
901816,500492,108,4,66.31
901817,500492,104,2,72.65
901818,500493,105,4,78.71
901819,500493,109,4,56.32
901820,500493,107,2,71.3
901821,500494,104,2,70.44
901822,500494,102,4,53.93
901823,500494,109,4,55.62
901824,500495,108,4,76.2
901825,500495,101,2,61.98
901826,500495,103,2,59.77
901827,500495,109,4,56.08
901828,500496,108,2,55.43
901829,500496,110,4,82.43
901830,500496,106,4,65.22
901831,500496,107,2,69.15
901832,500497,103,2,82.14
901833,500497,106,2,72.08
901834,500497,110,4,81.25
901835,500497,109,2,65.14
901836,500498,109,2,83.71
901837,500498,102,2,60.1
901838,500498,105,2,93.13
901839,500498,110,4,75.33
901840,500499,110,4,72.54
901841,500499,107,4,68.88
901842,500499,101,4,74.83
901843,500499,109,4,51.84
901844,500499,105,2,74.39
901845,500500,109,4,69.62
901846,500500,106,4,60.51
901847,500500,105,4,82.33
901848,500501,102,4,71.95
901849,500501,107,4,67.76
901850,500501,106,2,68.35
901851,500501,105,2,69.87
901852,500501,104,2,89.33
901853,500502,107,4,64.93
901854,500502,102,4,58.29
901855,500502,105,2,81.3
901856,500503,101,2,65.66
901857,500503,110,2,83.1
901858,500503,108,4,71.0
901859,500503,103,4,72.86
901860,500503,104,2,57.04
901861,500504,106,4,64.89
901862,500504,102,4,65.29
901863,500504,103,2,65.86
901864,500504,109,4,58.15
901865,500505,108,4,58.64
901866,500505,107,4,83.08
901867,500505,109,4,76.61
901868,500505,104,2,80.8
901869,500506,105,4,62.18
901870,500506,101,2,79.42
901871,500506,108,4,71.64
901872,500507,999,2,89.81
901873,500507,109,4,72.25
901874,500507,101,4,64.13
901875,500507,105,2,78.6
901876,500508,101,2,86.36
901877,500508,109,4,57.17
901878,500508,106,2,89.24
901879,500508,103,2,72.59
901880,500509,110,2,79.69
901881,500509,106,2,74.14
901882,500509,109,2,71.79
901883,500509,101,4,61.02
901884,500509,105,2,78.96
901885,500510,107,4,77.14
901886,500510,102,4,77.11
901887,500510,110,4,54.24
901888,500511,107,2,92.36
901889,500511,104,2,69.38
901890,500511,102,2,71.74
901891,500512,106,2,59.72
901892,500512,109,2,91.82
901893,500512,110,4,73.35
901894,500513,108,4,84.24
901895,500513,102,4,56.52
901896,500513,106,2,91.06
901897,500514,107,2,84.77
901898,500514,105,2,85.09
901899,500514,101,4,70.65
901900,500515,108,2,61.1
901901,500515,109,2,63.54
901902,500515,102,2,73.66
901903,500516,102,2,92.4
901904,500516,107,4,59.24
901905,500516,103,4,76.49
901906,500517,105,4,57.49
901907,500517,106,2,73.82
901908,500517,103,4,81.39
901909,500517,107,2,62.41
901910,500518,106,4,57.23
901911,500518,108,2,94.34
901912,500518,107,4,73.97
901913,500519,109,4,51.77
901914,500519,106,2,92.05
901915,500519,107,2,83.23
901916,500519,108,2,72.52
901917,500519,101,4,75.77
901918,500520,109,2,77.98
901919,500520,101,4,75.79
901920,500520,107,2,68.0
901921,500520,106,2,78.65
901922,500521,102,4,58.58
901923,500521,103,2,91.73
901924,500521,104,2,90.25
901925,500522,106,4,65.17
901926,500522,105,2,84.05
901927,500522,107,2,84.12
901928,500523,108,4,78.46
901929,500523,110,2,87.07
901930,500523,101,4,51.27
901931,500523,103,4,81.4
901932,500523,102,4,70.26
901933,500524,103,4,54.91
901934,500524,101,4,64.87
901935,500524,108,4,76.01
901936,500525,106,2,78.42
901937,500525,105,2,88.98
901938,500525,102,4,51.13
901939,500525,104,2,90.12
901940,500525,101,4,66.91
901941,500526,101,4,59.68
901942,500526,107,4,55.5
901943,500526,103,4,78.82
901944,500527,109,2,83.09
901945,500527,101,4,73.67
901946,500527,106,2,65.74
901947,500528,104,4,76.01
901948,500528,109,2,82.13
901949,500528,107,2,57.27
901950,500528,110,2,73.08
901951,500528,106,2,85.01
901952,500529,102,4,85.68
901953,500529,104,2,86.81
901954,500529,108,2,66.18
901955,500530,109,4,52.21
901956,500530,101,2,91.89
901957,500530,108,2,67.71
901958,500530,107,2,60.88
901959,500531,103,2,73.12
901960,500531,107,2,93.69
901961,500531,106,2,71.75
901962,500532,105,4,67.69
901963,500532,106,4,85.28
901964,500532,104,2,82.37
901965,500532,110,4,62.73
901966,500533,107,4,62.54
901967,500533,110,4,56.5
901968,500533,102,4,84.12
901969,500533,103,2,55.69
901970,500534,103,2,64.01
901971,500534,105,4,80.16
901972,500534,107,4,58.9
901973,500534,109,4,84.6
901974,500534,101,4,65.72
901975,500535,105,4,56.32
901976,500535,110,4,66.53
901977,500535,109,2,61.13
901978,500535,106,2,63.75
901979,500536,109,4,63.18
901980,500536,103,2,58.68
901981,500536,104,2,76.25
901982,500537,101,4,71.98
901983,500537,107,4,51.87
901984,500537,109,2,87.37
901985,500538,103,2,66.21
901986,500538,108,4,52.01
901987,500538,104,4,73.08
901988,500538,101,4,78.19
901989,500538,102,2,65.25
901990,500539,105,2,83.63
901991,500539,101,4,55.68
901992,500539,108,2,62.13
901993,500540,108,2,77.09
901994,500540,105,4,85.7
901995,500540,103,2,73.0
901996,500540,107,2,91.53
901997,500540,101,2,78.7
901998,500541,107,4,78.21
901999,500541,103,2,69.56
902000,500541,109,4,69.96
902001,500541,101,2,57.64
902002,500541,108,2,86.35
902003,500542,109,4,69.45
902004,500542,104,2,81.48
902005,500542,110,2,79.45
902006,500542,107,4,71.33
902007,500543,106,4,72.68
902008,500543,102,4,85.01
902009,500543,103,4,80.23
902010,500543,107,4,63.28
902011,500544,107,4,71.13
902012,500544,105,2,56.8
902013,500544,106,2,55.64
902014,500545,104,2,56.27
902015,500545,106,4,76.54
902016,500545,110,2,79.33
902017,500546,106,2,75.45
902018,500546,103,2,90.53
902019,500546,108,2,80.63
902020,500547,108,2,64.47
902021,500547,107,2,87.5
902022,500547,102,4,57.25
902023,500548,109,4,52.1
902024,500548,110,2,73.85
902025,500548,106,2,90.72
902026,500549,103,2,56.25
902027,500549,105,4,86.29
902028,500549,110,4,81.26
902029,500549,102,2,74.21
902030,500550,101,2,91.43
902031,500550,102,2,90.64
902032,500550,109,2,79.47
902033,500551,106,2,73.33
902034,500551,104,2,58.52
902035,500551,107,4,57.75
902036,500551,109,2,63.43
902037,500552,102,2,63.51
902038,500552,101,2,78.77
902039,500552,103,2,71.97
902040,500552,104,4,75.25
902041,500553,105,2,70.46
902042,500553,106,4,75.35
902043,500553,108,4,62.78
902044,500553,103,4,54.01
902045,500553,104,2,79.18
902046,500554,106,2,55.65
902047,500554,110,4,53.89
902048,500554,105,2,59.03
902049,500555,101,2,89.91
902050,500555,102,4,57.23
902051,500555,106,2,74.73
902052,500556,106,4,80.52
902053,500556,104,2,66.57
902054,500556,108,4,52.58
902055,500556,110,2,77.35
902056,500557,107,4,67.38
902057,500557,109,4,84.11
902058,500557,106,2,61.89
902059,500557,103,4,76.6
902060,500557,105,2,85.07
902061,500558,104,2,63.3
902062,500558,107,2,60.74
902063,500558,102,2,56.68
902064,500558,103,2,74.94
902065,500558,105,4,68.47
902066,500559,103,2,92.5
902067,500559,110,4,56.42
902068,500559,104,4,69.8
902069,500560,103,4,52.42
902070,500560,109,4,59.11
902071,500560,105,4,62.48
902072,500560,110,2,75.74
902073,500561,104,2,71.14
902074,500561,102,2,92.63
902075,500561,107,4,86.05
902076,500562,105,2,55.98
902077,500562,101,4,62.17
902078,500562,110,2,65.31
902079,500562,104,2,56.32
902080,500562,108,2,56.32
902081,500563,104,4,57.76
902082,500563,109,4,58.88
902083,500563,101,4,87.27
902084,500563,102,2,84.22
902085,500563,103,2,83.87
902086,500564,106,2,72.45
902087,500564,107,2,82.33
902088,500564,105,2,67.37
902089,500565,104,4,70.47
902090,500565,103,4,69.42
902091,500565,109,2,57.69
902092,500565,107,4,65.18
902093,500566,104,4,80.53
902094,500566,101,2,85.07
902095,500566,108,4,54.17
902096,500566,106,2,91.99
902097,500566,107,2,57.94
902098,500567,101,4,65.27
902099,500567,105,4,87.28
902100,500567,104,4,76.22
902101,500568,102,2,65.3
902102,500568,108,2,67.05
902103,500568,106,4,71.72
902104,500568,103,4,53.63
902105,500568,101,4,84.31
902106,500569,104,2,63.05
902107,500569,103,2,68.49
902108,500569,105,2,70.37
902109,500570,108,2,65.88
902110,500570,103,4,77.9
902111,500570,102,4,73.49
902112,500570,105,4,61.75
902113,500571,110,4,63.15
902114,500571,104,2,63.67
902115,500571,105,2,84.0
902116,500572,105,4,62.26
902117,500572,108,4,54.22
902118,500572,104,4,64.27
902119,500573,109,4,67.24
902120,500573,105,4,50.7
902121,500573,101,4,56.14
902122,500573,107,4,85.86
902123,500574,109,4,63.17
902124,500574,105,4,54.95
902125,500574,103,2,94.88
902126,500575,103,2,60.74
902127,500575,101,2,69.0
902128,500575,110,2,81.14
902129,500576,105,4,56.3
902130,500576,102,2,78.85
902131,500576,109,2,94.16
902132,500577,110,4,76.31
902133,500577,104,4,63.72
902134,500577,101,4,67.59
902135,500577,108,4,69.93
902136,500577,105,2,72.52
902137,500578,103,2,86.03
902138,500578,101,2,63.95
902139,500578,106,4,71.23
902140,500578,102,4,60.19
902141,500578,108,4,54.57
902142,500579,101,2,65.23
902143,500579,103,4,77.27
902144,500579,105,2,92.77
902145,500579,108,2,59.42
902146,500580,107,2,64.68
902147,500580,110,4,59.59
902148,500580,106,2,87.82
902149,500581,110,4,54.88
902150,500581,103,2,70.47
902151,500581,105,4,58.01
902152,500582,109,4,58.72
902153,500582,101,2,90.55
902154,500582,104,4,51.64
902155,500583,109,2,86.24
902156,500583,105,4,56.85
902157,500583,106,4,63.27
902158,500584,104,2,73.51
902159,500584,103,2,88.34
902160,500584,109,4,82.04
902161,500584,107,2,57.24
902162,500585,106,2,85.37
902163,500585,104,2,81.58
902164,500585,110,4,78.04
902165,500586,105,4,85.47
902166,500586,103,4,58.74
902167,500586,108,4,76.1
902168,500587,107,2,88.54
902169,500587,101,2,70.42
902170,500587,102,4,55.67
902171,500588,108,2,68.73
902172,500588,101,2,64.83
902173,500588,109,4,78.57
902174,500588,104,4,86.47
902175,500589,104,2,58.54
902176,500589,101,4,65.76
902177,500589,106,4,76.47
902178,500590,102,2,73.12
902179,500590,107,2,91.74
902180,500590,106,2,73.55
902181,500591,109,4,72.89
902182,500591,106,4,71.55
902183,500591,104,2,61.47
902184,500592,104,2,84.12
902185,500592,103,4,58.18
902186,500592,101,2,62.79
902187,500592,107,4,58.48
902188,500592,108,4,82.4
902189,500593,103,2,85.59
902190,500593,108,2,86.48
902191,500593,101,4,73.19
902192,500593,107,4,60.09
902193,500594,105,4,86.28
902194,500594,104,2,85.44
902195,500594,101,4,83.66
902196,500595,105,2,80.4
902197,500595,106,4,65.52
902198,500595,109,2,87.61
902199,500595,102,2,57.02
902200,500596,110,4,59.56
902201,500596,108,2,77.21
902202,500596,107,2,66.32
902203,500597,107,2,77.97
902204,500597,108,2,70.59
902205,500597,103,4,60.9
902206,500597,109,2,61.43
902207,500598,110,4,70.06
902208,500598,102,4,84.42
902209,500598,105,4,81.4
902210,500599,110,4,80.3
902211,500599,104,4,62.2
902212,500599,109,2,55.6
902213,500600,104,2,72.42
902214,500600,106,2,87.75
902215,500600,109,2,59.55
902216,500600,103,4,76.21
902217,500601,106,2,70.88
902218,500601,103,2,92.74
902219,500601,104,4,53.79
902220,500601,108,4,55.27
902221,500602,107,2,58.17
902222,500602,108,4,62.04
902223,500602,104,2,89.65
902224,500602,109,2,55.01
902225,500603,103,4,53.68
902226,500603,107,2,70.27
902227,500603,102,4,82.17
902228,500604,104,4,77.63
902229,500604,109,4,80.74
902230,500604,110,4,80.32
902231,500605,102,4,68.85
902232,500605,107,4,85.08
902233,500605,106,2,89.29
902234,500606,107,2,84.93
902235,500606,108,4,84.26
902236,500606,102,2,74.8
902237,500606,105,2,76.26
902238,500607,108,2,61.87
902239,500607,102,2,63.2
902240,500607,107,4,61.93
902241,500608,108,2,77.89
902242,500608,106,2,78.46
902243,500608,101,4,59.35
902244,500609,103,4,78.12
902245,500609,108,4,72.93
902246,500609,105,4,79.89
902247,500609,110,2,94.34
902248,500610,103,2,89.06
902249,500610,107,2,59.87
902250,500610,101,4,54.99
902251,500610,109,4,64.91
902252,500611,103,2,71.86
902253,500611,102,2,70.97
902254,500611,110,2,76.54
902255,500611,101,4,68.7
902256,500612,107,2,63.29
902257,500612,101,2,82.3
902258,500612,110,4,78.08
902259,500613,103,2,75.91
902260,500613,104,4,60.26
902261,500613,102,4,87.17
902262,500614,109,2,78.04
902263,500614,107,2,78.95
902264,500614,101,4,82.51
902265,500614,104,4,70.99
902266,500615,104,4,60.08
902267,500615,110,4,55.73
902268,500615,106,2,61.83
902269,500615,107,2,93.69
902270,500615,105,2,91.84
902271,500616,102,4,81.78
902272,500616,104,4,75.14
902273,500616,103,4,67.91
902274,500616,109,2,83.0
902275,500617,110,2,71.2
902276,500617,109,4,68.85
902277,500617,102,2,81.69
902278,500618,101,2,78.6
902279,500618,110,2,86.85
902280,500618,102,4,82.75
902281,500618,107,2,72.97
902282,500619,105,4,61.51
902283,500619,104,4,64.12
902284,500619,108,4,52.18
902285,500619,106,4,71.91
902286,500620,104,2,72.19
902287,500620,105,4,69.14
902288,500620,110,2,83.39
902289,500621,109,4,70.8
902290,500621,105,2,82.57
902291,500621,103,2,94.45
902292,500622,102,4,79.46
902293,500622,109,2,62.25
902294,500622,108,4,59.82
902295,500622,103,2,68.32
902296,500623,105,2,67.81
902297,500623,107,2,90.61
902298,500623,104,2,79.56
902299,500623,108,2,76.3
902300,500624,101,4,65.4
902301,500624,109,2,59.31
902302,500624,102,2,71.48
902303,500625,107,2,72.19
902304,500625,110,2,83.98
902305,500625,103,4,75.46
902306,500626,109,2,65.76
902307,500626,107,2,88.57
902308,500626,106,4,63.75
902309,500626,108,2,64.15
902310,500626,103,2,69.77
902311,500627,108,2,64.65
902312,500627,109,2,86.82
902313,500627,107,4,61.16
902314,500628,107,2,88.42
902315,500628,102,2,74.82
902316,500628,101,2,87.4
902317,500629,109,2,78.19
902318,500629,103,2,76.9
902319,500629,101,4,84.03
902320,500629,108,4,75.96
902321,500630,104,2,86.9
902322,500630,102,2,86.5
902323,500630,109,2,56.26
902324,500630,110,2,92.99
902325,500630,108,2,84.12
902326,500631,108,2,74.08
902327,500631,101,4,80.99
902328,500631,102,2,55.66
902329,500632,104,4,83.56
902330,500632,106,2,62.06
902331,500632,105,2,82.18
902332,500632,108,2,77.82
902333,500633,110,4,72.64
902334,500633,108,4,62.91
902335,500633,102,2,57.86
902336,500633,104,2,81.47
902337,500633,106,4,87.28
902338,500634,101,4,83.08
902339,500634,105,2,58.79
902340,500634,104,2,91.6
902341,500634,103,4,54.01
902342,500635,105,4,83.12
902343,500635,110,4,56.04
902344,500635,109,4,52.48
902345,500636,102,4,51.55
902346,500636,101,4,81.9
902347,500636,106,4,84.49
902348,500637,108,4,79.44
902349,500637,107,4,59.07
902350,500637,104,4,68.2
902351,500638,102,4,55.44
902352,500638,104,2,55.05
902353,500638,108,2,66.71
902354,500638,110,4,53.14
902355,500638,101,4,69.4
902356,500639,106,2,62.04
902357,500639,103,4,66.72
902358,500639,104,4,63.73
902359,500640,106,2,70.26
902360,500640,109,2,85.93
902361,500640,110,2,94.35
902362,500641,102,4,71.47
902363,500641,110,4,73.23
902364,500641,109,4,73.68
902365,500641,108,4,67.19
902366,500641,101,2,69.05
902367,500642,107,2,71.0
902368,500642,104,4,56.95
902369,500642,103,2,71.94
902370,500642,102,2,59.38
902371,500643,106,2,72.59
902372,500643,105,4,73.05
902373,500643,108,4,51.07
902374,500643,107,4,62.76
902375,500643,109,4,76.71
902376,500644,101,4,72.18
902377,500644,105,2,68.15
902378,500644,106,2,68.12
902379,500645,109,2,82.54
902380,500645,110,2,82.05
902381,500645,106,4,55.83
902382,500645,104,2,63.24
902383,500646,107,4,57.53
902384,500646,104,2,80.81
902385,500646,109,2,78.31
902386,500646,110,2,73.16
902387,500647,105,2,76.02
902388,500647,106,2,89.56
902389,500647,102,2,74.18
902390,500648,102,2,66.7
902391,500648,109,4,62.18
902392,500648,108,4,79.82
902393,500648,107,2,90.09
902394,500649,107,4,67.67
902395,500649,102,4,81.15
902396,500649,106,4,67.82
902397,500649,101,2,66.71
902398,500649,105,2,94.82
902399,500650,106,2,79.36
902400,500650,102,4,60.63
902401,500650,110,2,83.48
902402,500650,105,2,67.63
902403,500650,104,2,66.13
902404,500651,102,4,51.87
902405,500651,101,2,58.05
902406,500651,105,4,52.24
902407,500651,108,2,69.1
902408,500652,109,2,76.27
902409,500652,110,2,64.04
902410,500652,105,2,62.75
902411,500652,102,4,77.88
902412,500653,106,2,67.08
902413,500653,104,4,80.57
902414,500653,110,2,64.83
902415,500654,110,4,61.55
902416,500654,104,4,53.52
902417,500654,101,2,68.95
902418,500654,108,4,57.65
902419,500655,103,4,52.89
902420,500655,109,2,65.0
902421,500655,106,4,63.77
902422,500655,105,4,72.92
902423,500656,103,2,59.36
902424,500656,110,2,59.59
902425,500656,108,4,56.78
902426,500657,109,4,52.87
902427,500657,110,4,52.55
902428,500657,108,4,62.02
902429,500658,999,4,67.14
902430,500658,110,2,75.12
902431,500658,101,4,68.9
902432,500658,107,2,56.37
902433,500659,109,4,55.2
902434,500659,107,2,94.82
902435,500659,102,2,81.03
902436,500660,107,2,76.47
902437,500660,103,2,84.12
902438,500660,106,4,54.59
902439,500660,110,2,59.55
902440,500660,109,4,77.24
902441,500661,108,2,69.67
902442,500661,110,4,51.05
902443,500661,106,4,80.23
902444,500661,104,4,67.89
902445,500662,109,2,85.78
902446,500662,104,4,76.32
902447,500662,107,4,74.65
902448,500663,102,2,89.61
902449,500663,110,4,69.84
902450,500663,106,2,87.21
902451,500664,110,2,64.14
902452,500664,104,4,63.93
902453,500664,109,4,70.8
902454,500665,103,2,84.42
902455,500665,102,2,92.58
902456,500665,106,2,76.94
902457,500665,104,2,76.94
902458,500666,103,4,82.44
902459,500666,104,2,63.6
902460,500666,102,4,83.02
902461,500667,103,2,82.35
902462,500667,105,4,74.57
902463,500667,102,2,86.92
902464,500667,108,4,66.49
902465,500668,103,2,68.27
902466,500668,106,4,72.24
902467,500668,102,4,74.36
902468,500669,106,4,66.58
902469,500669,103,2,61.09
902470,500669,105,4,57.56
902471,500669,108,4,65.38
902472,500669,109,4,79.92
902473,500670,110,2,69.43
902474,500670,107,2,66.23
902475,500670,103,4,68.3
902476,500670,109,4,59.77
902477,500670,104,4,69.74
902478,500671,105,2,91.54
902479,500671,106,4,58.43
902480,500671,102,2,88.92
902481,500672,105,4,66.73
902482,500672,109,2,77.85
902483,500672,110,2,65.4
902484,500673,107,2,91.88
902485,500673,104,4,57.9
902486,500673,108,2,85.65
902487,500673,110,4,74.55
902488,500673,109,4,80.49
902489,500674,103,4,85.84
902490,500674,107,4,64.13
902491,500674,101,2,89.04
902492,500675,103,4,66.54
902493,500675,104,2,65.63
902494,500675,110,2,66.91
902495,500675,102,2,57.75
902496,500676,103,2,74.0
902497,500676,106,4,61.61
902498,500676,104,2,73.74
902499,500676,105,2,67.47
902500,500677,108,4,86.6
902501,500677,101,4,67.55
902502,500677,109,2,64.51
902503,500678,107,4,53.97
902504,500678,103,4,71.5
902505,500678,106,2,75.91
902506,500679,104,4,53.58
902507,500679,108,4,57.24
902508,500679,103,4,86.8
902509,500680,102,4,66.72
902510,500680,108,4,81.31
902511,500680,106,2,67.5
902512,500681,106,2,76.54
902513,500681,102,2,61.67
902514,500681,109,2,68.45
902515,500681,108,2,67.53
902516,500682,103,2,89.17
902517,500682,101,2,92.97
902518,500682,108,2,55.05
902519,500682,104,2,78.04
902520,500682,107,2,72.44
902521,500683,109,4,84.66
902522,500683,106,2,80.81
902523,500683,102,4,79.51
902524,500684,102,4,74.16
902525,500684,106,4,86.79
902526,500684,101,2,57.48
902527,500684,107,4,77.55
902528,500684,105,4,74.72
902529,500685,108,2,86.0
902530,500685,101,4,59.9
902531,500685,105,2,82.1
902532,500685,103,4,55.64
902533,500685,110,2,68.7
902534,500686,108,2,78.06
902535,500686,101,2,90.64
902536,500686,107,2,67.2
902537,500687,110,2,57.28
902538,500687,109,4,54.05
902539,500687,107,2,70.99
902540,500687,101,2,66.19
902541,500687,104,2,93.5
902542,500688,106,2,94.99
902543,500688,109,4,85.83
902544,500688,102,4,74.87
902545,500688,105,2,77.16
902546,500688,104,4,51.64
902547,500689,109,2,73.89
902548,500689,102,4,57.72
902549,500689,108,4,68.16
902550,500689,103,2,91.9
902551,500690,103,4,64.06
902552,500690,104,4,62.8
902553,500690,101,2,59.54
902554,500690,102,4,79.91
902555,500690,105,4,55.53
902556,500691,106,4,65.85
902557,500691,110,2,61.25
902558,500691,103,4,76.32
902559,500692,101,2,57.21
902560,500692,107,2,82.39
902561,500692,104,2,79.5
902562,500693,109,2,84.76
902563,500693,105,2,66.48
902564,500693,102,4,85.14
902565,500693,103,2,93.48
902566,500694,101,4,85.33
902567,500694,103,2,63.55
902568,500694,104,2,66.78
902569,500695,104,4,81.59
902570,500695,106,4,63.88
902571,500695,110,2,62.97
902572,500695,101,2,56.37
902573,500695,105,4,68.46
902574,500696,110,2,56.53
902575,500696,102,4,57.29
902576,500696,109,4,60.48
902577,500697,105,2,59.74
902578,500697,110,4,62.8
902579,500697,107,2,71.0
902580,500697,104,2,67.11
902581,500698,103,4,64.86
902582,500698,109,4,53.64
902583,500698,110,2,73.54
902584,500698,108,4,55.45
902585,500698,104,4,65.36
902586,500699,107,2,56.93
902587,500699,105,4,74.24
902588,500699,104,2,60.54
902589,500699,109,2,76.92
902590,500699,110,4,60.08
902591,500700,105,2,71.19
902592,500700,103,4,83.59
902593,500700,101,2,88.62
902594,500700,106,2,91.52
902595,500700,107,4,67.81
902596,500701,102,4,63.37
902597,500701,105,2,73.46
902598,500701,104,4,86.11
902599,500702,106,2,66.02
902600,500702,105,2,92.33
902601,500702,107,2,69.74
902602,500703,101,2,91.73
902603,500703,107,2,73.94
902604,500703,104,2,78.58
902605,500703,108,4,56.12
902606,500704,108,2,81.45
902607,500704,103,2,72.9
902608,500704,102,4,74.68
902609,500705,109,4,58.43
902610,500705,110,2,68.46
902611,500705,102,2,71.49
902612,500705,108,4,79.81
902613,500706,107,4,58.64
902614,500706,106,4,65.07
902615,500706,103,4,79.03
902616,500707,101,4,66.25
902617,500707,107,4,67.53
902618,500707,105,2,83.19
902619,500708,105,4,53.4
902620,500708,107,4,85.96
902621,500708,103,2,70.2
902622,500709,102,2,65.46
902623,500709,105,4,74.49
902624,500709,103,2,78.91
902625,500710,106,4,87.05
902626,500710,101,4,67.58
902627,500710,110,2,78.59
902628,500711,104,4,57.75
902629,500711,110,4,65.8
902630,500711,103,4,71.5
902631,500712,106,2,55.35
902632,500712,110,2,72.94
902633,500712,108,4,64.87
902634,500713,103,4,67.41
902635,500713,101,2,92.74
902636,500713,102,4,70.31
902637,500713,106,2,72.36
902638,500714,107,2,80.22
902639,500714,110,4,83.26
902640,500714,109,2,71.11
902641,500714,104,2,79.27
902642,500715,106,2,62.0
902643,500715,103,2,87.61
902644,500715,101,4,56.76
902645,500716,104,2,68.65
902646,500716,107,4,60.65
902647,500716,106,2,86.94
902648,500716,102,2,55.08
902649,500717,101,4,72.65
902650,500717,110,2,63.98
902651,500717,107,2,82.26
902652,500718,105,4,73.99
902653,500718,107,2,89.52
902654,500718,102,2,67.92
902655,500718,110,4,51.44
902656,500719,103,2,63.53
902657,500719,107,4,53.41
902658,500719,102,2,61.98
902659,500719,106,2,56.84
902660,500720,102,2,94.12
902661,500720,103,2,67.33
902662,500720,104,4,69.73
902663,500721,106,4,70.28
902664,500721,104,4,53.53
902665,500721,107,2,93.32
902666,500721,109,4,72.15
902667,500722,107,2,81.39
902668,500722,103,4,61.37
902669,500722,102,2,93.86
902670,500722,108,2,65.58
902671,500722,110,2,92.54
902672,500723,107,2,61.71
902673,500723,102,2,75.5
902674,500723,109,2,67.05
902675,500723,108,2,56.34
902676,500723,110,4,52.59
902677,500724,107,4,81.67
902678,500724,102,4,79.43
902679,500724,108,2,91.6
902680,500724,106,4,61.43
902681,500724,105,2,69.2
902682,500725,108,4,52.49
902683,500725,102,4,84.47
902684,500725,103,2,61.97
902685,500725,106,4,68.95
902686,500726,109,4,60.54
902687,500726,108,2,91.79
902688,500726,106,2,55.5
902689,500726,107,4,64.68
902690,500727,107,2,94.98
902691,500727,102,4,70.36
902692,500727,103,4,65.81
902693,500727,105,4,85.03
902694,500728,101,2,80.0
902695,500728,103,2,59.62
902696,500728,105,2,59.59
902697,500729,109,4,74.29
902698,500729,105,2,71.2
902699,500729,106,2,57.3
902700,500730,107,2,84.46
902701,500730,108,4,83.22
902702,500730,110,2,76.99
902703,500731,110,2,87.46
902704,500731,107,4,82.1
902705,500731,109,2,73.44
902706,500732,107,4,85.64
902707,500732,110,4,78.09
902708,500732,104,4,71.49
902709,500732,106,2,59.04
902710,500733,109,4,60.0
902711,500733,104,2,61.07
902712,500733,102,2,78.52
902713,500733,101,2,70.94
902714,500734,104,4,71.41
902715,500734,101,2,70.61
902716,500734,107,4,62.4
902717,500734,110,2,56.04
902718,500735,103,2,82.99
902719,500735,105,2,72.25
902720,500735,102,2,55.81
902721,500735,109,4,85.99
902722,500735,110,2,59.2
902723,500736,106,2,82.32
902724,500736,108,4,53.29
902725,500736,105,4,64.39
902726,500737,108,4,61.44
902727,500737,106,2,79.86
902728,500737,107,2,89.49
902729,500738,109,2,62.73
902730,500738,102,2,93.52
902731,500738,106,2,86.24
902732,500738,107,2,94.82
902733,500738,101,2,84.59
902734,500739,102,2,89.49
902735,500739,103,4,70.33
902736,500739,108,4,68.58
902737,500739,105,2,93.5
902738,500739,109,2,84.9
902739,500740,105,2,69.62
902740,500740,101,4,76.16
902741,500740,108,2,59.49
902742,500741,109,4,85.54
902743,500741,102,4,76.29
902744,500741,108,4,71.07
902745,500741,106,2,78.74
902746,500742,103,4,54.8
902747,500742,110,2,89.0
902748,500742,107,4,53.63
902749,500743,109,4,55.91
902750,500743,104,2,82.36
902751,500743,110,4,57.08
902752,500744,105,2,56.71
902753,500744,106,2,55.24
902754,500744,101,4,79.83
902755,500744,107,4,67.5
902756,500744,108,2,84.76
902757,500745,103,4,57.45
902758,500745,110,2,67.64
902759,500745,101,2,73.66
902760,500745,105,2,59.14
902761,500746,101,2,81.03
902762,500746,104,4,52.79
902763,500746,102,4,55.94
902764,500746,109,2,87.21
902765,500747,110,2,94.12
902766,500747,108,2,69.27
902767,500747,102,2,91.41
902768,500747,105,2,63.26
902769,500748,110,2,81.45
902770,500748,103,4,56.36
902771,500748,102,4,53.46
902772,500749,101,2,89.07
902773,500749,103,4,54.17
902774,500749,105,2,80.11
902775,500749,107,4,63.86
902776,500749,104,2,59.04
902777,500750,110,2,91.52
902778,500750,107,4,67.86
902779,500750,102,4,73.62
902780,500751,101,2,83.95
902781,500751,106,2,63.75
902782,500751,107,4,73.1
902783,500752,103,4,52.45
902784,500752,101,2,67.97
902785,500752,107,4,65.23
902786,500753,101,4,80.52
902787,500753,105,4,64.36
902788,500753,102,4,76.0
902789,500753,110,4,66.4
902790,500753,106,2,85.74
902791,500754,108,4,50.6
902792,500754,105,2,73.44
902793,500754,101,4,77.44
902794,500755,106,2,69.46
902795,500755,103,4,80.97
902796,500755,101,4,55.19
902797,500756,103,4,69.1
902798,500756,108,4,74.6
902799,500756,107,4,51.65
902800,500756,104,2,77.1
902801,500757,103,4,81.66
902802,500757,101,2,94.39
902803,500757,105,4,70.76
902804,500757,110,2,86.65
902805,500758,105,4,81.26
902806,500758,102,4,54.13
902807,500758,108,2,65.17
902808,500759,103,2,86.7
902809,500759,107,4,86.3
902810,500759,106,2,88.87
902811,500759,104,4,87.13
902812,500760,102,4,87.27
902813,500760,107,2,78.43
902814,500760,110,2,57.62
902815,500760,109,2,59.16
902816,500760,105,4,51.1
902817,500761,106,2,92.56
902818,500761,104,2,84.68
902819,500761,107,4,59.92
902820,500762,102,2,73.94
902821,500762,107,4,71.7
902822,500762,109,2,89.13
902823,500762,101,4,63.68
902824,500763,106,2,91.62
902825,500763,108,2,92.36
902826,500763,105,2,92.28
902827,500764,107,4,68.55
902828,500764,106,4,69.78
902829,500764,105,4,80.13
902830,500764,103,2,62.33
902831,500765,110,4,60.47
902832,500765,102,2,85.84
902833,500765,108,2,80.16
902834,500765,105,4,63.45
902835,500765,109,2,61.89
902836,500766,104,4,84.99
902837,500766,101,4,66.08
902838,500766,110,2,63.7
902839,500766,109,2,71.3
902840,500767,102,4,67.69
902841,500767,110,2,64.32
902842,500767,107,4,62.06
902843,500767,108,4,83.94
902844,500767,101,2,68.99
902845,500768,110,4,80.98
902846,500768,108,4,64.9
902847,500768,107,2,55.8
902848,500768,104,2,77.79
902849,500768,105,2,71.83
902850,500769,101,4,69.46
902851,500769,107,4,64.16
902852,500769,108,2,58.92
902853,500770,110,4,80.61
902854,500770,107,4,72.94
902855,500770,105,2,63.98
902856,500771,104,4,51.13
902857,500771,110,4,79.2
902858,500771,108,2,67.75
902859,500772,103,2,59.43
902860,500772,102,4,87.31
902861,500772,101,2,61.76
902862,500772,104,2,89.56
902863,500773,106,4,52.91
902864,500773,101,2,55.14
902865,500773,104,4,62.51
902866,500773,109,4,66.19
902867,500774,103,2,79.84
902868,500774,101,2,60.87
902869,500774,107,2,79.17
902870,500774,109,4,59.76
902871,500774,105,4,52.85
902872,500775,107,2,71.33
902873,500775,101,2,93.94
902874,500775,110,4,67.62
902875,500776,105,4,57.92
902876,500776,110,4,62.17
902877,500776,108,2,91.28
902878,500776,101,4,56.63
902879,500776,102,4,75.28
902880,500777,102,2,65.81
902881,500777,106,2,76.71
902882,500777,109,2,92.25
902883,500778,107,2,87.34
902884,500778,105,4,77.74
902885,500778,110,4,64.99
902886,500778,102,2,59.42
902887,500779,105,4,61.7
902888,500779,109,4,58.77
902889,500779,101,2,60.61
902890,500780,103,2,57.29
902891,500780,104,4,67.2
902892,500780,102,2,92.68
902893,500781,107,2,58.59
902894,500781,101,4,65.95
902895,500781,110,4,75.32
902896,500781,102,4,58.9
902897,500781,106,2,69.38
902898,500782,104,4,53.1
902899,500782,107,4,86.09
902900,500782,102,4,50.96
902901,500782,108,2,56.51
902902,500783,105,4,53.62
902903,500783,106,4,56.97
902904,500783,107,4,76.3
902905,500783,103,4,63.31
902906,500783,101,4,63.25
902907,500784,103,2,63.61
902908,500784,110,2,82.74
902909,500784,105,4,54.7
902910,500784,109,4,65.61
902911,500784,101,2,55.04
902912,500785,103,2,62.04
902913,500785,101,4,84.12
902914,500785,107,2,76.55
902915,500786,110,2,90.35
902916,500786,109,4,77.57
902917,500786,103,4,67.21
902918,500787,108,4,51.98
902919,500787,101,2,64.85
902920,500787,103,4,83.34
902921,500787,105,2,88.85
902922,500788,101,2,59.2
902923,500788,105,4,79.97
902924,500788,108,4,56.53
902925,500789,105,2,77.22
902926,500789,104,2,56.26
902927,500789,106,4,58.18
902928,500790,108,4,55.72
902929,500790,101,4,57.22
902930,500790,102,4,86.91
902931,500790,106,4,83.83
902932,500791,102,2,64.39
902933,500791,107,4,86.32
902934,500791,110,2,87.4
902935,500792,109,4,63.56
902936,500792,107,4,78.74
902937,500792,102,4,79.26
902938,500793,104,2,83.16
902939,500793,110,2,62.94
902940,500793,108,4,64.57
902941,500793,107,2,75.94
902942,500794,102,2,89.13
902943,500794,109,2,64.73
902944,500794,108,2,62.79
902945,500794,103,4,64.65
902946,500795,109,2,67.56
902947,500795,108,4,87.2
902948,500795,103,4,79.07
902949,500796,104,4,72.68
902950,500796,105,2,87.45
902951,500796,106,2,74.14
902952,500797,109,4,73.94
902953,500797,106,4,84.82
902954,500797,105,4,85.89
902955,500797,108,2,93.08
902956,500798,106,2,88.82
902957,500798,103,4,68.88
902958,500798,110,2,82.84
902959,500799,103,2,82.48
902960,500799,104,2,71.74
902961,500799,105,2,90.85
902962,500800,106,4,61.88
902963,500800,110,4,77.41
902964,500800,107,2,76.79
902965,500801,103,4,58.76
902966,500801,107,4,70.88
902967,500801,110,2,68.98
902968,500802,104,2,83.72
902969,500802,105,4,79.49
902970,500802,106,2,63.08
902971,500803,105,4,50.95
902972,500803,101,4,65.98
902973,500803,103,4,85.79
902974,500803,108,4,53.36
902975,500804,108,4,66.27
902976,500804,104,2,55.66
902977,500804,103,2,93.16
902978,500805,109,2,68.61
902979,500805,102,4,66.96
902980,500805,110,2,72.19
902981,500806,110,4,53.73
902982,500806,106,4,69.94
902983,500806,105,2,68.79
902984,500807,103,4,78.2
902985,500807,102,2,63.25
902986,500807,105,4,77.78
902987,500807,108,2,76.06
902988,500808,101,4,58.61
902989,500808,104,2,81.53
902990,500808,110,4,55.9
902991,500808,108,2,60.59
902992,500808,109,2,71.44
902993,500809,108,2,60.33
902994,500809,104,2,87.09
902995,500809,101,4,55.19
902996,500810,103,4,65.1
902997,500810,104,4,65.89
902998,500810,110,4,80.14
902999,500811,107,2,73.89
903000,500811,109,2,87.19
903001,500811,110,2,72.04
903002,500812,105,4,80.33
903003,500812,107,4,82.28
903004,500812,109,2,89.78
903005,500812,101,2,83.4
903006,500812,106,2,90.34
903007,500813,106,4,85.13
903008,500813,109,2,91.41
903009,500813,110,4,56.89
903010,500814,102,4,55.93
903011,500814,110,2,66.59
903012,500814,105,2,69.48
903013,500814,109,2,59.01
903014,500814,104,4,82.95
903015,500815,101,2,73.54
903016,500815,102,2,85.51
903017,500815,107,2,57.11
903018,500815,103,4,53.08
903019,500815,104,4,74.92
903020,500816,103,2,76.47
903021,500816,105,4,53.04
903022,500816,107,4,57.64
903023,500817,110,2,67.4
903024,500817,106,4,57.25
903025,500817,108,2,62.43
903026,500817,109,4,58.0
903027,500817,105,4,55.25
903028,500818,105,4,63.54
903029,500818,107,4,76.78
903030,500818,101,2,67.89
903031,500819,110,2,88.24
903032,500819,104,2,86.86
903033,500819,108,4,53.81
903034,500819,103,4,52.26
903035,500820,110,4,62.31
903036,500820,103,4,85.99
903037,500820,109,4,68.95
903038,500820,106,4,64.14
903039,500821,110,4,60.28
903040,500821,102,4,70.19
903041,500821,108,2,56.76
903042,500821,104,4,65.88
903043,500822,105,2,70.48
903044,500822,108,2,87.69
903045,500822,103,2,81.83
903046,500823,108,4,59.84
903047,500823,104,4,69.15
903048,500823,105,2,68.58
903049,500823,107,4,79.62
903050,500824,108,2,93.33
903051,500824,103,4,75.27
903052,500824,109,2,88.55
903053,500824,105,2,74.46
903054,500825,106,2,73.44
903055,500825,102,4,84.14
903056,500825,107,4,83.23
903057,500826,102,2,76.29
903058,500826,103,2,67.88
903059,500826,105,4,57.93
903060,500827,101,4,62.94
903061,500827,110,2,78.46
903062,500827,102,4,71.95
903063,500827,109,4,50.99
903064,500827,107,2,79.16
903065,500828,108,2,71.5
903066,500828,105,2,68.54
903067,500828,106,4,78.49
903068,500828,109,4,69.84
903069,500829,101,4,64.03
903070,500829,105,4,57.82
903071,500829,107,4,56.1
903072,500829,104,4,65.8
903073,500829,108,4,68.49
903074,500830,101,2,72.44
903075,500830,102,4,73.12
903076,500830,108,2,93.56
903077,500830,110,4,78.71
903078,500831,106,2,92.33
903079,500831,101,4,80.65
903080,500831,108,4,76.05
903081,500831,103,4,63.23
903082,500831,102,4,68.95
903083,500832,110,4,79.02
903084,500832,103,4,58.48
903085,500832,101,2,77.5
903086,500833,110,2,69.28
903087,500833,108,2,81.82
903088,500833,101,4,66.49
903089,500834,103,4,63.49
903090,500834,106,4,67.15
903091,500834,102,4,82.31
903092,500834,109,4,67.65
903093,500835,105,2,65.81
903094,500835,103,2,76.59
903095,500835,102,2,76.37
903096,500836,101,2,74.55
903097,500836,108,4,54.61
903098,500836,106,4,80.39
903099,500836,107,2,60.63
903100,500837,103,2,90.25
903101,500837,107,4,68.44
903102,500837,108,4,60.44
903103,500838,107,4,80.29
903104,500838,101,2,83.69
903105,500838,108,2,80.64
903106,500839,104,4,74.41
903107,500839,106,2,92.36
903108,500839,109,2,55.75
903109,500840,110,4,63.15
903110,500840,107,4,52.42
903111,500840,103,2,89.69
903112,500840,104,2,84.34
903113,500840,109,4,74.18
903114,500841,105,2,76.68
903115,500841,108,2,89.94
903116,500841,102,2,86.44
903117,500842,104,4,54.39
903118,500842,107,2,69.68
903119,500842,106,2,91.54
903120,500842,109,4,81.48
903121,500843,110,4,50.74
903122,500843,106,4,55.96
903123,500843,109,4,53.8
903124,500844,109,4,83.42
903125,500844,103,2,92.55
903126,500844,108,2,69.84
903127,500844,105,4,75.91
903128,500845,108,4,70.05
903129,500845,110,4,56.02
903130,500845,101,4,57.84
903131,500845,109,2,88.99
903132,500846,105,4,77.65
903133,500846,101,2,87.51
903134,500846,102,2,87.05
903135,500846,103,4,52.78
903136,500847,102,4,84.65
903137,500847,108,4,62.99
903138,500847,101,2,59.97
903139,500848,106,4,78.89
903140,500848,110,4,72.54
903141,500848,103,4,70.44
903142,500848,102,4,69.7
903143,500848,104,2,76.31
903144,500849,103,2,93.81
903145,500849,104,2,73.77
903146,500849,108,2,74.96
903147,500850,105,4,53.8
903148,500850,103,4,66.82
903149,500850,110,4,85.5
903150,500851,108,4,76.67
903151,500851,110,2,56.63
903152,500851,107,2,80.96
903153,500852,108,2,59.81
903154,500852,109,2,70.9
903155,500852,105,4,59.01
903156,500853,105,2,71.32
903157,500853,104,4,68.31
903158,500853,109,2,92.55
903159,500854,105,4,57.39
903160,500854,101,4,73.95
903161,500854,110,2,65.07
903162,500854,102,2,88.39
903163,500854,103,2,75.01
903164,500855,102,4,55.03
903165,500855,110,2,87.62
903166,500855,105,2,84.14
903167,500856,106,4,63.94
903168,500856,110,2,56.88
903169,500856,104,2,82.94
903170,500857,107,2,57.88
903171,500857,103,4,77.56
903172,500857,110,2,91.53
903173,500857,102,2,67.17
903174,500858,103,4,74.77
903175,500858,102,4,66.41
903176,500858,107,2,64.57
903177,500859,109,2,62.85
903178,500859,103,2,74.1
903179,500859,104,2,83.62
903180,500860,102,4,68.18
903181,500860,107,2,94.76
903182,500860,110,2,86.2
903183,500861,108,4,70.38
903184,500861,105,4,66.83
903185,500861,110,4,66.09
903186,500862,106,2,82.09
903187,500862,110,2,61.91
903188,500862,108,2,61.63
903189,500862,104,4,80.59
903190,500863,102,2,61.99
903191,500863,101,4,83.92
903192,500863,104,2,94.66
903193,500864,110,2,92.05
903194,500864,109,2,78.75
903195,500864,105,4,72.22
903196,500864,104,2,80.56
903197,500865,104,4,86.36
903198,500865,102,4,61.79
903199,500865,110,2,60.23
903200,500866,104,4,65.33
903201,500866,106,4,78.42
903202,500866,101,4,52.7
903203,500866,103,2,84.42
903204,500866,107,4,81.15
903205,500867,104,4,73.29
903206,500867,107,4,73.01
903207,500867,101,4,58.0
903208,500867,106,2,62.97
903209,500868,110,2,68.62
903210,500868,102,2,73.83
903211,500868,108,2,56.55
903212,500868,105,2,58.37
903213,500868,106,4,62.03
903214,500869,106,4,73.84
903215,500869,103,4,66.82
903216,500869,108,4,59.13
903217,500870,110,4,83.72
903218,500870,108,2,62.14
903219,500870,103,2,71.68
903220,500870,104,4,85.94
903221,500871,103,2,65.45
903222,500871,109,4,69.61
903223,500871,108,2,92.41
903224,500871,107,4,51.79
903225,500872,999,4,84.35
903226,500872,101,2,70.98
903227,500872,109,4,68.8
903228,500873,107,2,69.75
903229,500873,103,2,91.21
903230,500873,106,4,64.39
903231,500873,101,4,84.0
903232,500873,104,4,77.89
903233,500874,102,4,75.55
903234,500874,106,2,56.07
903235,500874,109,2,84.64
903236,500874,107,2,55.13
903237,500875,109,2,85.9
903238,500875,104,4,84.36
903239,500875,101,2,55.88
903240,500876,103,4,64.66
903241,500876,105,2,87.24
903242,500876,104,2,68.45
903243,500877,104,4,87.35
903244,500877,102,4,69.24
903245,500877,110,4,84.66
903246,500877,105,4,73.7
903247,500878,104,4,87.27
903248,500878,106,4,73.61
903249,500878,107,4,65.9
903250,500878,110,4,84.98
903251,500878,102,2,81.93
903252,500879,105,2,92.41
903253,500879,102,2,71.04
903254,500879,107,4,68.01
903255,500879,101,2,82.28
903256,500880,999,2,68.29
903257,500880,109,4,85.03
903258,500880,108,2,74.19
903259,500880,103,4,72.78
903260,500881,104,4,62.21
903261,500881,105,4,64.65
903262,500881,106,4,50.76
903263,500882,102,2,70.01
903264,500882,105,2,62.92
903265,500882,103,2,56.92
903266,500883,104,4,61.17
903267,500883,109,2,90.59
903268,500883,107,4,82.8
903269,500883,110,4,74.67
903270,500884,105,4,59.77
903271,500884,101,4,52.65
903272,500884,107,4,58.13
903273,500885,999,2,75.48
903274,500885,110,4,76.85
903275,500885,103,4,72.37
903276,500885,107,4,56.88
903277,500886,108,4,67.99
903278,500886,107,2,63.15
903279,500886,109,2,56.65
903280,500887,103,2,73.52
903281,500887,105,2,81.51
903282,500887,107,4,87.01
903283,500887,102,2,55.87
903284,500888,102,4,63.92
903285,500888,107,4,57.89
903286,500888,109,2,66.59
903287,500889,110,4,71.74
903288,500889,102,4,56.23
903289,500889,101,4,86.26
903290,500890,105,4,50.62
903291,500890,110,2,92.22
903292,500890,102,2,63.98
903293,500891,109,4,73.17
903294,500891,105,2,77.06
903295,500891,104,4,86.55
903296,500892,101,2,69.33
903297,500892,104,4,75.31
903298,500892,107,2,71.64
903299,500892,108,2,81.86
903300,500893,105,2,80.06
903301,500893,102,2,76.83
903302,500893,101,4,53.68
903303,500894,105,2,55.85
903304,500894,101,4,61.66
903305,500894,102,4,69.84
903306,500895,106,2,69.42
903307,500895,102,4,57.29
903308,500895,105,4,85.28
903309,500896,108,4,60.33
903310,500896,106,2,86.86
903311,500896,109,2,67.49
903312,500897,109,2,71.94
903313,500897,106,4,76.98
903314,500897,101,4,80.64
903315,500897,104,2,66.29
903316,500897,103,4,84.47
903317,500898,103,2,83.11
903318,500898,109,4,73.87
903319,500898,101,2,78.58
903320,500899,101,2,65.78
903321,500899,107,2,61.36
903322,500899,108,2,69.67
903323,500900,106,2,81.49
903324,500900,107,2,62.19
903325,500900,110,4,57.57
903326,500901,105,4,75.15
903327,500901,102,2,77.13
903328,500901,106,2,72.81
903329,500901,101,4,73.44
903330,500902,106,4,78.3
903331,500902,107,2,59.38
903332,500902,108,4,54.7
903333,500903,103,2,72.64
903334,500903,110,4,72.09
903335,500903,108,2,65.46
903336,500904,999,2,55.67
903337,500904,108,4,87.06
903338,500904,110,4,79.23
903339,500905,108,2,77.72
903340,500905,101,2,70.01
903341,500905,109,4,86.4
903342,500905,105,4,63.66
903343,500906,110,4,67.75
903344,500906,104,4,60.53
903345,500906,105,2,58.86
903346,500907,104,2,67.17
903347,500907,110,4,54.42
903348,500907,106,2,83.15
903349,500907,108,4,70.45
903350,500908,110,4,56.7
903351,500908,109,4,85.11
903352,500908,107,4,57.36
903353,500909,101,2,81.67
903354,500909,108,2,90.39
903355,500909,106,4,82.26
903356,500909,103,4,56.97
903357,500910,104,4,79.65
903358,500910,110,4,75.93
903359,500910,108,2,73.81
903360,500911,105,4,52.51
903361,500911,107,4,81.04
903362,500911,104,2,70.43
903363,500912,107,4,70.05
903364,500912,109,2,78.76
903365,500912,105,4,70.09
903366,500913,104,2,80.21
903367,500913,108,2,82.82
903368,500913,105,2,73.07
903369,500913,109,2,71.82
903370,500914,101,2,78.72
903371,500914,109,2,61.76
903372,500914,102,4,86.43
903373,500915,109,2,88.1
903374,500915,102,2,73.33
903375,500915,103,2,89.49
903376,500915,110,4,63.68
903377,500915,105,4,65.77
903378,500916,101,2,71.66
903379,500916,102,4,71.99
903380,500916,105,2,79.92
903381,500916,109,4,83.4
903382,500917,109,2,79.35
903383,500917,102,4,83.11
903384,500917,105,2,77.19
903385,500918,104,2,67.77
903386,500918,102,4,64.36
903387,500918,110,2,83.88
903388,500919,104,2,93.01
903389,500919,101,4,58.36
903390,500919,106,2,69.15
903391,500920,104,4,58.6
903392,500920,107,2,58.15
903393,500920,108,4,63.57
903394,500920,110,4,78.58
903395,500921,109,4,79.31
903396,500921,106,2,81.59
903397,500921,101,4,69.45
903398,500922,103,2,61.42
903399,500922,105,4,79.67
903400,500922,109,2,75.01
903401,500923,102,2,59.23
903402,500923,109,2,76.08
903403,500923,104,2,65.41
903404,500923,101,4,74.24
903405,500924,104,4,80.88
903406,500924,107,2,78.83
903407,500924,102,4,65.86
903408,500925,108,4,83.71
903409,500925,106,2,59.75
903410,500925,103,4,57.57
903411,500926,110,4,74.58
903412,500926,105,4,71.2
903413,500926,108,4,79.7
903414,500926,107,2,89.52
903415,500927,109,4,60.49
903416,500927,110,2,78.55
903417,500927,105,2,57.68
903418,500928,105,4,58.8
903419,500928,104,2,82.2
903420,500928,107,2,82.29
903421,500929,104,4,66.49
903422,500929,102,4,52.26
903423,500929,110,4,71.92
903424,500930,110,2,62.52
903425,500930,104,4,82.26
903426,500930,108,2,63.74
903427,500930,105,4,82.2
903428,500931,102,4,52.98
903429,500931,101,2,57.25
903430,500931,109,2,81.97
903431,500932,108,4,79.16
903432,500932,109,4,52.93
903433,500932,101,2,59.47
903434,500933,106,4,67.9
903435,500933,109,2,89.43
903436,500933,108,4,68.29
903437,500933,102,2,80.98
903438,500934,108,2,70.89
903439,500934,110,2,91.7
903440,500934,107,2,73.6
903441,500935,102,4,66.97
903442,500935,103,2,71.27
903443,500935,109,2,56.22
903444,500935,104,2,71.58
903445,500936,110,4,65.78
903446,500936,102,4,61.09
903447,500936,108,2,87.06
903448,500937,105,2,91.66
903449,500937,102,2,87.61
903450,500937,107,2,76.26
903451,500938,106,4,81.93
903452,500938,102,2,73.62
903453,500938,110,4,78.69
903454,500939,108,4,83.34
903455,500939,106,2,93.06
903456,500939,101,4,76.2
903457,500940,104,4,82.99
903458,500940,102,4,74.82
903459,500940,103,4,54.92
903460,500941,104,4,54.34
903461,500941,101,4,68.53
903462,500941,103,2,63.38
903463,500941,109,4,61.35
903464,500942,102,2,91.1
903465,500942,109,4,78.46
903466,500942,108,2,80.76
903467,500942,104,2,58.89
903468,500943,109,4,58.67
903469,500943,107,4,70.39
903470,500943,101,2,57.44
903471,500944,110,2,75.64
903472,500944,101,4,59.9
903473,500944,108,4,66.81
903474,500945,106,4,84.81
903475,500945,103,2,91.19
903476,500945,105,2,64.4
903477,500946,110,2,59.86
903478,500946,106,2,87.74
903479,500946,107,4,63.24
903480,500947,110,4,61.05
903481,500947,105,2,93.15
903482,500947,109,4,64.92
903483,500947,103,4,74.43
903484,500948,105,4,67.49
903485,500948,108,4,55.59
903486,500948,101,2,69.62
903487,500948,104,4,57.56
903488,500949,102,4,54.51
903489,500949,104,2,63.55
903490,500949,107,4,67.26
903491,500950,110,4,66.02
903492,500950,108,4,83.51
903493,500950,102,4,87.08
903494,500950,103,4,64.26
903495,500951,102,4,56.65
903496,500951,103,4,69.44
903497,500951,109,2,56.97
903498,500951,106,2,85.2
903499,500952,110,4,75.38
903500,500952,108,4,55.8
903501,500952,109,2,64.61
903502,500952,101,4,67.76
903503,500952,102,2,60.64
903504,500953,103,2,93.58
903505,500953,102,4,80.81
903506,500953,108,4,59.0
903507,500954,103,2,74.82
903508,500954,110,2,57.67
903509,500954,101,4,69.14
903510,500955,104,4,62.21
903511,500955,109,2,55.45
903512,500955,110,2,62.85
903513,500956,104,2,90.31
903514,500956,101,2,90.29
903515,500956,110,4,83.95
903516,500957,101,4,70.09
903517,500957,108,4,72.02
903518,500957,109,4,53.66
903519,500958,106,4,84.79
903520,500958,102,4,75.41
903521,500958,104,2,68.14
903522,500959,109,2,90.01
903523,500959,110,4,86.15
903524,500959,104,4,62.74
903525,500960,102,4,59.43
903526,500960,103,2,57.62
903527,500960,104,4,76.92
903528,500961,106,4,76.15
903529,500961,105,2,90.94
903530,500961,107,4,64.1
903531,500961,101,4,72.87
903532,500962,101,4,80.49
903533,500962,104,2,57.56
903534,500962,108,2,89.78
903535,500963,101,4,58.08
903536,500963,109,2,88.31
903537,500963,110,2,94.93
903538,500964,104,2,74.44
903539,500964,102,2,56.2
903540,500964,101,2,89.33
903541,500965,110,2,67.65
903542,500965,109,4,51.24
903543,500965,101,4,64.49
903544,500966,101,2,85.68
903545,500966,103,2,58.6
903546,500966,108,2,63.39
903547,500966,105,4,53.87
903548,500967,108,4,74.34
903549,500967,102,4,61.38
903550,500967,103,4,83.28
903551,500968,107,2,80.35
903552,500968,105,2,67.62
903553,500968,101,4,70.67
903554,500969,101,4,81.36
903555,500969,107,4,79.11
903556,500969,102,2,94.1
903557,500969,109,4,82.81
903558,500969,103,2,71.94
903559,500970,101,2,60.1
903560,500970,106,4,84.7
903561,500970,103,4,80.12
903562,500970,102,2,64.92
903563,500970,105,2,93.46
903564,500971,108,2,86.95
903565,500971,104,4,87.0
903566,500971,102,2,76.3
903567,500971,107,2,82.52
903568,500972,106,2,92.6
903569,500972,107,4,75.91
903570,500972,103,2,63.03
903571,500972,110,2,93.64
903572,500972,108,2,59.03
903573,500973,106,2,83.32
903574,500973,101,2,85.56
903575,500973,105,2,90.49
903576,500973,104,2,88.52
903577,500974,102,4,53.42
903578,500974,109,2,69.54
903579,500974,106,4,81.02
903580,500975,108,2,66.9
903581,500975,102,2,84.94
903582,500975,104,2,79.24
903583,500976,102,2,68.18
903584,500976,104,4,55.44
903585,500976,101,4,81.29
903586,500977,103,2,76.3
903587,500977,102,4,57.33
903588,500977,108,4,82.52
903589,500977,106,2,78.08
903590,500978,106,4,58.62
903591,500978,107,2,60.12
903592,500978,104,4,86.11
903593,500978,108,4,72.8
903594,500979,109,4,69.92
903595,500979,101,2,76.27
903596,500979,104,2,67.41
903597,500980,109,2,60.08
903598,500980,110,4,53.69
903599,500980,107,4,71.69
903600,500981,101,2,62.98
903601,500981,105,2,77.36
903602,500981,104,4,59.81
903603,500981,107,2,67.37
903604,500981,103,4,59.51
903605,500982,107,2,61.64
903606,500982,103,4,75.21
903607,500982,101,4,87.11
903608,500983,108,4,55.15
903609,500983,102,2,55.29
903610,500983,107,4,74.59
903611,500984,105,2,57.89
903612,500984,103,4,79.08
903613,500984,106,2,92.18
903614,500984,107,2,71.2
903615,500985,107,4,67.27
903616,500985,104,4,71.89
903617,500985,103,4,57.04
903618,500986,103,4,59.03
903619,500986,110,2,83.44
903620,500986,109,4,53.88
903621,500986,107,2,59.52
903622,500986,108,2,82.68
903623,500987,104,2,57.08
903624,500987,107,4,72.13
903625,500987,102,2,73.83
903626,500987,105,2,65.41
903627,500987,110,4,66.1
903628,500988,107,4,64.9
903629,500988,105,2,90.01
903630,500988,103,4,56.65
903631,500989,107,2,87.6
903632,500989,105,2,68.81
903633,500989,109,4,71.98
903634,500989,103,4,68.58
903635,500990,101,2,59.24
903636,500990,105,4,86.46
903637,500990,104,4,51.9
903638,500990,102,4,64.46
903639,500991,108,4,81.85
903640,500991,103,2,71.31
903641,500991,105,4,73.22
903642,500992,101,2,76.93
903643,500992,109,4,82.71
903644,500992,107,4,59.55
903645,500992,105,4,83.18
903646,500992,104,2,65.56
903647,500993,107,4,72.78
903648,500993,104,2,81.09
903649,500993,105,4,61.41
903650,500993,103,4,64.56
903651,500994,107,2,64.06
903652,500994,102,4,59.24
903653,500994,109,2,72.41
903654,500995,108,2,66.77
903655,500995,106,2,70.45
903656,500995,109,2,76.06
903657,500995,102,4,82.44
903658,500995,107,4,73.41
903659,500996,101,2,64.41
903660,500996,107,2,69.14
903661,500996,103,4,67.36
903662,500996,110,4,79.61
903663,500997,107,2,92.08
903664,500997,108,2,55.0
903665,500997,103,2,71.37
903666,500997,105,4,83.88
903667,500998,107,2,84.72
903668,500998,102,2,77.25
903669,500998,101,2,62.11
903670,500999,106,2,79.08
903671,500999,102,4,70.46
903672,500999,107,2,78.88
903673,500999,108,2,79.63
903674,501000,110,2,94.5
903675,501000,102,2,71.75
903676,501000,107,2,71.22
903677,501000,105,2,77.62
903678,501001,106,2,82.93
903679,501001,103,2,84.13
903680,501001,107,2,74.37
903681,501002,101,4,63.69
903682,501002,109,2,81.55
903683,501002,103,2,59.89
903684,501003,999,4,76.16
903685,501003,103,2,83.67
903686,501003,106,2,64.4
903687,501004,109,2,90.98
903688,501004,105,4,74.34
903689,501004,106,4,60.02
903690,501004,107,2,73.59
903691,501004,104,2,89.4
903692,501005,103,4,79.41
903693,501005,110,4,56.42
903694,501005,106,4,82.19
903695,501006,110,4,56.03
903696,501006,106,4,76.97
903697,501006,104,4,73.5
903698,501007,101,4,68.83
903699,501007,108,2,90.14
903700,501007,105,4,57.04
903701,501007,104,4,85.41
903702,501007,110,2,91.6
903703,501008,108,2,83.12
903704,501008,106,4,85.75
903705,501008,110,4,62.94
903706,501008,102,2,71.31
903707,501009,109,2,66.85
903708,501009,102,2,55.01
903709,501009,107,2,62.74
903710,501010,107,4,72.41
903711,501010,103,2,61.77
903712,501010,110,4,65.17
903713,501011,110,4,87.25
903714,501011,109,4,65.65
903715,501011,106,4,76.01
903716,501012,107,4,72.61
903717,501012,106,2,65.93
903718,501012,102,2,70.39
903719,501012,108,2,84.07
903720,501013,107,4,61.97
903721,501013,108,2,61.03
903722,501013,106,2,76.0
903723,501013,110,4,63.99
903724,501014,106,2,55.96
903725,501014,103,4,74.83
903726,501014,104,2,67.23
903727,501014,110,4,63.99
903728,501014,108,4,84.11
903729,501015,104,4,81.28
903730,501015,109,2,71.93
903731,501015,106,2,56.09
903732,501015,110,2,63.55
903733,501016,107,4,82.65
903734,501016,101,4,86.19
903735,501016,102,4,63.84
903736,501016,104,2,67.2
903737,501016,103,4,65.49
903738,501017,102,2,67.4
903739,501017,104,2,69.49
903740,501017,101,4,79.5
903741,501017,108,2,94.14
903742,501018,109,2,59.14
903743,501018,110,2,60.13
903744,501018,105,2,75.55
903745,501018,101,4,64.76
903746,501018,107,2,80.75
903747,501019,110,2,76.58
903748,501019,102,4,75.74
903749,501019,103,2,58.93
903750,501019,101,4,67.16
903751,501019,105,4,69.98
903752,501020,103,4,56.47
903753,501020,106,2,88.49
903754,501020,107,2,78.68
903755,501021,102,4,78.61
903756,501021,108,4,55.39
903757,501021,107,4,72.27
903758,501021,104,2,80.55
903759,501022,106,4,64.44
903760,501022,108,4,59.01
903761,501022,110,2,77.67
903762,501023,103,2,59.93
903763,501023,102,2,93.59
903764,501023,110,4,80.33
903765,501024,103,4,84.99
903766,501024,110,2,75.4
903767,501024,105,2,70.27
903768,501025,105,2,68.26
903769,501025,107,2,79.32
903770,501025,101,4,52.23
903771,501025,109,4,78.74
903772,501026,106,2,59.17
903773,501026,104,2,72.33
903774,501026,107,4,51.33
903775,501026,103,4,65.52
903776,501027,107,4,78.01
903777,501027,109,2,63.17
903778,501027,101,4,58.93
903779,501028,105,4,74.86
903780,501028,101,2,94.62
903781,501028,109,2,72.8
903782,501028,102,2,80.29
903783,501029,101,4,53.11
903784,501029,103,4,79.15
903785,501029,108,2,66.22
903786,501029,106,2,72.76
903787,501030,103,4,81.81
903788,501030,101,2,68.05
903789,501030,109,4,83.38
903790,501030,102,2,88.47
903791,501031,108,4,77.67
903792,501031,106,4,63.17
903793,501031,107,2,72.05
903794,501031,105,4,68.22
903795,501031,102,4,67.56
903796,501032,104,4,59.83
903797,501032,107,4,56.16
903798,501032,102,4,57.7
903799,501032,110,4,67.26
903800,501033,107,4,73.42
903801,501033,105,2,77.9
903802,501033,109,4,71.24
903803,501033,101,4,67.56
903804,501034,109,2,79.44
903805,501034,108,2,93.98
903806,501034,103,2,66.31
903807,501035,102,2,60.82
903808,501035,107,4,72.18
903809,501035,109,2,94.14
903810,501036,102,2,93.09
903811,501036,110,4,86.78
903812,501036,105,2,70.71
903813,501037,104,4,65.13
903814,501037,109,4,53.77
903815,501037,103,4,79.92
903816,501037,102,2,87.24
903817,501038,103,2,70.76
903818,501038,105,4,74.21
903819,501038,109,2,56.16
903820,501039,106,4,69.61
903821,501039,108,2,75.39
903822,501039,101,4,83.24
903823,501039,110,2,94.92
903824,501040,103,4,85.37
903825,501040,106,2,92.66
903826,501040,104,2,58.3
903827,501041,104,2,93.34
903828,501041,106,4,65.6
903829,501041,102,4,75.31
903830,501041,107,2,64.8
903831,501041,110,2,63.37
903832,501042,106,4,58.57
903833,501042,108,2,69.12
903834,501042,109,4,74.86
903835,501042,107,4,71.96
903836,501043,107,4,80.44
903837,501043,109,4,82.07
903838,501043,101,4,64.6
903839,501044,107,2,66.72
903840,501044,101,4,59.76
903841,501044,109,4,66.15
903842,501044,105,2,86.78
903843,501045,104,4,62.37
903844,501045,108,4,76.82
903845,501045,103,4,54.83
903846,501046,106,2,61.36
903847,501046,105,2,59.3
903848,501046,104,4,53.42
903849,501046,107,2,64.72
903850,501047,999,2,64.75
903851,501047,109,2,72.11
903852,501047,110,4,83.07
903853,501048,106,4,86.84
903854,501048,109,4,55.24
903855,501048,102,4,71.82
903856,501048,103,4,55.21
903857,501049,105,4,78.4
903858,501049,108,4,71.45
903859,501049,102,4,86.6
903860,501050,105,4,64.26
903861,501050,110,4,69.02
903862,501050,109,4,84.29
903863,501050,102,4,85.13
903864,501051,110,2,65.52
903865,501051,105,4,58.34
903866,501051,106,2,82.52
903867,501052,107,4,72.61
903868,501052,105,4,75.61
903869,501052,103,4,74.38
903870,501052,102,4,77.24
903871,501053,105,4,52.09
903872,501053,106,4,56.54
903873,501053,101,2,78.59
903874,501053,110,4,65.57
903875,501053,104,2,80.42
903876,501054,104,4,58.59
903877,501054,105,2,75.19
903878,501054,103,4,53.52
903879,501054,108,4,69.31
903880,501055,109,2,62.03
903881,501055,103,4,72.48
903882,501055,101,2,58.9
903883,501056,104,4,66.02
903884,501056,106,4,59.03
903885,501056,108,4,67.53
903886,501056,110,2,66.23
903887,501057,105,4,78.11
903888,501057,104,2,55.04
903889,501057,103,2,77.65
903890,501058,110,2,82.68
903891,501058,106,4,63.13
903892,501058,109,4,71.02
903893,501059,104,2,88.47
903894,501059,102,4,86.86
903895,501059,103,4,55.32
903896,501059,110,4,82.77
903897,501060,103,2,77.57
903898,501060,108,4,63.95
903899,501060,106,2,93.41
903900,501060,105,2,69.59
903901,501060,101,4,65.11
903902,501061,108,4,68.86
903903,501061,106,4,71.58
903904,501061,104,2,70.84
903905,501061,103,4,63.02
903906,501061,107,2,82.12
903907,501062,101,4,86.22
903908,501062,105,4,86.34
903909,501062,110,4,67.48
903910,501063,103,2,92.31
903911,501063,101,4,68.4
903912,501063,106,2,67.2
903913,501064,103,4,71.69
903914,501064,101,4,66.42
903915,501064,110,2,81.03
903916,501065,101,2,80.66
903917,501065,110,2,74.71
903918,501065,108,2,74.01
903919,501065,109,4,80.96
903920,501066,107,4,51.63
903921,501066,110,2,94.44
903922,501066,104,2,57.69
903923,501067,106,4,61.98
903924,501067,107,4,52.3
903925,501067,101,4,79.12
903926,501068,105,2,84.94
903927,501068,108,4,50.65
903928,501068,109,2,66.81
903929,501069,102,2,78.2
903930,501069,103,2,85.44
903931,501069,105,2,68.18
903932,501070,101,2,68.43
903933,501070,107,4,66.76
903934,501070,102,4,78.95
903935,501070,109,4,71.08
903936,501071,107,2,75.67
903937,501071,106,2,71.08
903938,501071,108,4,77.16
903939,501071,109,4,58.91
903940,501072,108,4,53.93
903941,501072,110,2,61.15
903942,501072,101,4,75.28
903943,501072,106,4,66.29
903944,501073,108,2,56.35
903945,501073,110,2,61.89
903946,501073,106,2,63.61
903947,501074,109,2,85.52
903948,501074,105,4,85.59
903949,501074,101,2,89.68
903950,501074,103,4,84.33
903951,501075,110,4,70.57
903952,501075,103,4,81.66
903953,501075,109,4,53.88
903954,501075,102,2,66.91
903955,501075,105,2,73.38
903956,501076,107,4,65.05
903957,501076,108,2,81.31
903958,501076,104,4,77.98
903959,501076,110,2,76.33
903960,501076,103,4,74.33
903961,501077,101,4,57.02
903962,501077,107,2,81.85
903963,501077,102,4,62.42
903964,501078,105,4,54.44
903965,501078,108,2,82.98
903966,501078,104,2,66.44
903967,501079,106,2,56.95
903968,501079,103,4,82.8
903969,501079,108,2,81.29
903970,501079,101,2,88.27
903971,501080,105,4,54.51
903972,501080,107,2,58.61
903973,501080,104,4,79.22
903974,501081,105,4,71.69
903975,501081,101,4,75.33
903976,501081,107,4,87.34
903977,501081,106,2,63.0
903978,501082,102,4,60.16
903979,501082,108,2,73.48
903980,501082,109,2,82.37
903981,501083,103,2,57.45
903982,501083,105,4,71.43
903983,501083,102,4,67.87
903984,501083,110,2,58.84
903985,501084,109,2,84.36
903986,501084,108,2,77.06
903987,501084,102,2,62.6
903988,501085,106,4,78.43
903989,501085,109,4,68.33
903990,501085,104,2,69.0
903991,501086,101,4,83.87
903992,501086,105,4,57.75
903993,501086,102,4,81.59
903994,501087,103,4,67.27
903995,501087,109,2,88.05
903996,501087,101,2,84.06
903997,501087,106,4,63.3
903998,501088,104,4,83.59
903999,501088,101,4,85.46
904000,501088,103,2,76.76
904001,501088,102,2,76.46
904002,501089,108,2,85.44
904003,501089,105,2,70.38
904004,501089,106,2,73.12
904005,501089,104,2,66.38
904006,501090,102,2,94.64
904007,501090,103,4,83.63
904008,501090,105,2,87.45
904009,501091,102,4,62.72
904010,501091,106,4,53.94
904011,501091,104,2,73.2
904012,501091,107,4,56.5
904013,501091,109,4,55.79
904014,501092,106,4,80.8
904015,501092,102,2,90.11
904016,501092,103,4,78.16
904017,501093,110,2,69.19
904018,501093,101,2,74.41
904019,501093,104,4,60.91
904020,501093,102,4,86.35
904021,501093,105,2,67.14
904022,501094,110,2,93.71
904023,501094,102,4,82.72
904024,501094,105,2,81.48
904025,501094,106,2,58.97
904026,501094,107,4,56.21
904027,501095,106,4,62.47
904028,501095,105,2,85.42
904029,501095,107,4,84.79
904030,501095,104,2,62.32
904031,501096,104,2,65.0
904032,501096,103,4,64.69
904033,501096,109,4,82.58
904034,501096,102,4,75.5
904035,501096,107,2,78.59
904036,501097,104,2,93.89
904037,501097,103,4,74.09
904038,501097,107,4,63.19
904039,501098,109,4,55.15
904040,501098,102,2,88.5
904041,501098,108,2,79.58
904042,501098,106,2,65.1
904043,501099,108,2,57.42
904044,501099,107,2,83.71
904045,501099,110,2,58.78
904046,501099,105,2,77.48
904047,501100,108,2,57.9
904048,501100,102,2,59.34
904049,501100,110,2,85.09
904050,501101,106,2,75.1
904051,501101,107,2,55.98
904052,501101,105,2,58.31
904053,501101,108,4,51.93
904054,501101,104,4,50.83
904055,501102,109,2,79.58
904056,501102,106,4,56.22
904057,501102,104,2,65.81
904058,501103,107,4,70.28
904059,501103,106,2,65.61
904060,501103,108,4,63.24
904061,501104,105,4,71.48
904062,501104,107,4,71.0
904063,501104,104,2,75.68
904064,501104,110,4,69.31
904065,501104,101,4,56.37
904066,501105,102,4,74.52
904067,501105,105,4,52.19
904068,501105,107,4,68.12
904069,501105,108,4,66.93
904070,501106,102,4,67.58
904071,501106,104,2,55.5
904072,501106,108,2,84.91
904073,501106,109,2,62.15
904074,501107,107,2,55.78
904075,501107,110,2,64.11
904076,501107,106,4,83.93
904077,501107,109,4,53.69
904078,501108,999,2,83.05
904079,501108,101,2,75.81
904080,501108,110,4,82.15
904081,501108,105,4,77.21
904082,501108,102,2,79.44
904083,501109,108,2,84.75
904084,501109,110,4,85.45
904085,501109,109,4,79.53
904086,501109,105,4,62.07
904087,501110,101,2,68.93
904088,501110,102,4,85.99
904089,501110,105,2,57.58
904090,501111,102,4,69.2
904091,501111,105,2,87.91
904092,501111,104,4,51.15
904093,501112,108,2,66.79
904094,501112,106,2,55.37
904095,501112,102,4,87.09
904096,501113,110,2,59.03
904097,501113,108,2,89.91
904098,501113,103,4,63.36
904099,501113,107,4,72.77
904100,501114,106,2,69.09
904101,501114,101,4,56.24
904102,501114,109,2,92.88
904103,501115,106,2,56.62
904104,501115,105,4,70.73
904105,501115,101,4,52.0
904106,501115,110,4,54.95
904107,501115,109,2,72.24
904108,501116,110,4,54.03
904109,501116,106,2,62.98
904110,501116,103,2,92.05
904111,501116,109,2,59.96
904112,501117,101,4,51.58
904113,501117,109,4,72.71
904114,501117,103,2,61.35
904115,501117,106,4,73.28
904116,501118,101,2,77.45
904117,501118,109,4,74.92
904118,501118,106,2,62.07
904119,501118,108,2,62.41
904120,501119,105,2,69.71
904121,501119,110,2,94.02
904122,501119,104,4,61.97
904123,501119,109,2,62.81
904124,501119,103,4,82.18
904125,501120,109,4,64.12
904126,501120,102,2,86.69
904127,501120,107,2,84.78
904128,501120,103,4,86.19
904129,501120,106,4,73.3
904130,501121,107,2,57.21
904131,501121,104,4,73.31
904132,501121,108,4,73.57
904133,501121,105,4,58.73
904134,501121,102,4,72.56
904135,501122,103,2,65.59
904136,501122,102,4,82.93
904137,501122,106,2,68.18
904138,501122,109,2,83.21
904139,501122,107,4,75.98
904140,501123,109,2,83.19
904141,501123,107,4,81.58
904142,501123,110,2,88.41
904143,501123,108,4,87.27
904144,501124,108,2,66.97
904145,501124,104,4,75.56
904146,501124,109,4,84.7
904147,501124,110,2,67.42
904148,501125,108,2,74.51
904149,501125,104,4,69.23
904150,501125,103,2,71.9
904151,501126,106,4,62.38
904152,501126,108,4,67.03
904153,501126,104,4,82.99
904154,501127,103,4,54.33
904155,501127,106,2,86.39
904156,501127,104,2,92.09
904157,501128,106,2,80.43
904158,501128,110,4,78.33
904159,501128,108,2,88.72
904160,501129,104,2,65.72
904161,501129,101,4,57.11
904162,501129,107,4,77.6
904163,501130,103,2,64.76
904164,501130,108,2,88.52
904165,501130,107,2,81.49
904166,501130,109,4,73.68
904167,501131,101,4,78.35
904168,501131,109,4,76.53
904169,501131,102,2,94.89
904170,501131,108,2,84.59
904171,501132,110,4,52.01
904172,501132,105,2,91.61
904173,501132,101,4,64.14
904174,501132,109,2,73.27
904175,501132,108,2,61.03
904176,501133,108,4,60.55
904177,501133,104,2,78.09
904178,501133,105,4,82.87
904179,501134,102,2,55.52
904180,501134,101,2,88.65
904181,501134,109,4,52.03
904182,501135,106,2,63.56
904183,501135,102,4,86.72
904184,501135,103,4,52.85
904185,501135,109,2,80.95
904186,501136,106,4,67.91
904187,501136,101,4,84.99
904188,501136,110,4,58.63
904189,501137,106,4,54.3
904190,501137,107,4,78.02
904191,501137,103,2,55.77
904192,501137,109,4,78.67
904193,501137,102,2,62.7
904194,501138,106,2,71.61
904195,501138,103,2,55.47
904196,501138,107,2,76.29
904197,501138,102,4,75.15
904198,501139,999,2,68.88
904199,501139,101,4,57.46
904200,501139,105,2,93.11
904201,501139,109,2,58.94
904202,501139,107,4,79.65
904203,501140,109,4,59.95
904204,501140,105,4,58.4
904205,501140,101,2,67.32
904206,501141,106,4,73.94
904207,501141,104,4,78.39
904208,501141,107,4,83.5
904209,501141,109,2,86.01
904210,501141,105,4,65.57
904211,501142,108,4,84.67
904212,501142,106,4,54.33
904213,501142,101,2,71.25
904214,501142,103,2,65.43
904215,501142,104,4,77.87
904216,501143,108,2,57.23
904217,501143,102,2,72.1
904218,501143,107,2,88.1
904219,501144,102,4,70.54
904220,501144,101,2,82.94
904221,501144,108,2,70.44
904222,501145,101,4,56.78
904223,501145,107,2,86.34
904224,501145,109,2,87.79
904225,501146,103,4,84.56
904226,501146,106,2,86.57
904227,501146,110,2,82.37
904228,501147,105,4,82.13
904229,501147,106,2,94.27
904230,501147,110,2,62.19
904231,501148,109,4,72.02
904232,501148,103,4,82.8
904233,501148,108,4,61.36
904234,501148,102,2,64.5
904235,501149,110,4,77.94
904236,501149,108,4,73.65
904237,501149,106,4,60.38
904238,501150,104,4,83.2
904239,501150,102,4,64.95
904240,501150,101,4,68.4
904241,501151,110,4,76.1
904242,501151,102,2,65.86
904243,501151,104,4,64.23
904244,501152,106,2,86.49
904245,501152,109,2,63.72
904246,501152,105,2,76.09
904247,501152,104,2,65.21
904248,501152,103,4,73.17
904249,501153,108,2,74.15
904250,501153,109,2,66.93
904251,501153,104,2,77.3
904252,501154,106,4,56.53
904253,501154,104,2,88.74
904254,501154,109,4,84.58
904255,501154,110,4,78.41
904256,501154,102,2,94.42
904257,501155,110,2,94.27
904258,501155,105,2,62.04
904259,501155,106,4,83.93
904260,501156,110,4,81.64
904261,501156,101,2,93.15
904262,501156,109,4,74.84
904263,501157,101,4,64.25
904264,501157,109,4,72.08
904265,501157,108,2,55.7
904266,501158,108,4,52.78
904267,501158,104,4,62.3
904268,501158,102,2,76.54
904269,501158,101,4,57.61
904270,501159,107,4,82.66
904271,501159,102,2,68.57
904272,501159,101,2,60.02
904273,501160,109,4,80.63
904274,501160,107,2,64.42
904275,501160,104,2,72.04
904276,501161,108,4,86.11
904277,501161,110,2,71.0
904278,501161,103,4,66.26
904279,501162,102,4,58.78
904280,501162,110,2,88.38
904281,501162,108,4,61.1
904282,501163,110,4,80.74
904283,501163,109,4,58.36
904284,501163,104,2,69.66
904285,501163,106,4,62.71
904286,501163,107,2,81.69
904287,501164,107,4,65.68
904288,501164,109,4,81.15
904289,501164,106,4,54.19
904290,501165,102,4,56.08
904291,501165,104,2,79.71
904292,501165,106,2,61.26
904293,501166,109,4,52.96
904294,501166,107,2,70.59
904295,501166,110,4,83.99
904296,501166,105,4,85.7
904297,501167,105,2,89.38
904298,501167,110,4,73.45
904299,501167,101,4,70.91
904300,501167,103,2,86.19
904301,501168,108,4,51.58
904302,501168,105,2,84.34
904303,501168,102,4,59.4
904304,501168,106,4,59.98
904305,501169,101,4,74.06
904306,501169,102,4,83.43
904307,501169,107,4,64.63
904308,501170,110,2,64.69
904309,501170,103,2,75.18
904310,501170,104,4,51.31
904311,501171,110,2,87.63
904312,501171,104,4,58.25
904313,501171,108,4,64.5
904314,501172,101,2,86.36
904315,501172,107,4,57.78
904316,501172,108,2,77.91
904317,501172,104,4,62.23
904318,501173,107,4,83.36
904319,501173,108,4,50.86
904320,501173,102,4,76.2
904321,501173,106,4,80.46
904322,501174,102,2,81.8
904323,501174,110,4,83.26
904324,501174,101,2,89.88
904325,501174,103,2,92.33
904326,501174,106,2,85.03
904327,501175,107,4,61.85
904328,501175,109,2,92.94
904329,501175,103,4,78.48
904330,501176,108,2,68.77
904331,501176,103,2,89.47
904332,501176,101,2,63.61
904333,501177,102,2,72.98
904334,501177,105,2,81.19
904335,501177,110,2,92.22
904336,501177,101,4,84.65
904337,501178,103,4,79.96
904338,501178,106,4,80.38
904339,501178,109,2,81.43
904340,501179,109,4,68.84
904341,501179,108,4,79.57
904342,501179,104,4,55.2
904343,501180,107,2,77.45
904344,501180,102,4,76.36
904345,501180,110,4,65.16
904346,501180,104,4,70.32
904347,501180,105,4,72.65
904348,501181,104,2,87.05
904349,501181,108,4,51.29
904350,501181,105,4,69.22
904351,501181,102,4,74.94
904352,501181,107,2,83.07
904353,501182,110,4,72.56
904354,501182,101,4,63.22
904355,501182,103,4,54.9
904356,501183,106,2,88.28
904357,501183,109,4,74.1
904358,501183,108,2,91.85
904359,501184,108,4,66.33
904360,501184,101,4,72.98
904361,501184,109,2,84.0
904362,501184,107,4,57.72
904363,501184,106,4,81.59
904364,501185,107,2,70.63
904365,501185,110,2,69.1
904366,501185,106,2,65.89
904367,501186,105,4,60.42
904368,501186,108,4,57.45
904369,501186,107,4,76.37
904370,501186,110,2,83.97
904371,501187,105,2,59.12
904372,501187,101,2,88.9
904373,501187,107,2,77.74
904374,501187,104,2,77.47
904375,501188,999,2,60.85
904376,501188,110,2,74.88
904377,501188,103,4,57.9
904378,501188,101,4,50.91
904379,501188,102,4,63.13
904380,501189,110,2,57.93
904381,501189,108,4,64.58
904382,501189,104,4,69.56
904383,501190,109,2,70.4
904384,501190,104,4,72.01
904385,501190,107,2,83.7
904386,501191,105,4,73.37
904387,501191,104,4,56.77
904388,501191,101,4,67.64
904389,501191,107,2,89.15
904390,501191,106,2,80.78
904391,501192,105,4,84.29
904392,501192,108,4,55.4
904393,501192,102,2,62.12
904394,501192,107,2,70.41
904395,501192,104,4,62.92
904396,501193,104,4,81.1
904397,501193,106,4,71.3
904398,501193,101,2,67.88
904399,501193,108,4,78.91
904400,501194,110,4,70.98
904401,501194,104,2,55.37
904402,501194,103,4,67.93
904403,501194,108,2,78.62
904404,501195,102,4,65.73
904405,501195,103,4,51.75
904406,501195,101,2,66.97
904407,501195,105,4,63.36
904408,501196,102,4,78.62
904409,501196,105,2,74.35
904410,501196,103,2,58.03
904411,501196,101,4,83.38
904412,501197,106,2,80.24
904413,501197,104,2,85.87
904414,501197,107,4,61.16
904415,501197,103,4,66.58
904416,501198,109,2,73.09
904417,501198,102,4,83.65
904418,501198,110,4,64.12
904419,501198,106,4,80.55
904420,501199,110,4,72.11
904421,501199,101,4,82.3
904422,501199,103,4,70.29
904423,501200,103,4,71.33
904424,501200,109,4,78.11
904425,501200,101,2,88.62
904426,501200,106,4,55.48
904427,501201,107,2,75.14
904428,501201,104,4,76.67
904429,501201,108,4,86.25
904430,501201,101,2,87.06
904431,501202,102,2,82.02
904432,501202,109,2,80.63
904433,501202,104,4,74.39
904434,501202,103,2,59.49
904435,501202,110,2,93.24
904436,501203,105,2,92.48
904437,501203,101,2,79.31
904438,501203,104,2,83.42
904439,501203,103,4,63.0
904440,501204,110,2,78.83
904441,501204,106,2,67.8
904442,501204,107,4,81.95
904443,501205,106,4,76.59
904444,501205,105,4,63.36
904445,501205,102,2,93.1
904446,501206,106,4,76.32
904447,501206,105,2,55.47
904448,501206,108,2,73.36
904449,501206,104,4,77.22
904450,501206,110,4,64.7
904451,501207,102,2,57.16
904452,501207,103,2,91.63
904453,501207,110,4,78.47
904454,501207,107,4,52.87
904455,501207,101,4,54.7
904456,501208,101,2,80.22
904457,501208,105,4,55.21
904458,501208,104,2,70.61
904459,501209,105,2,71.44
904460,501209,102,4,56.3
904461,501209,106,4,86.04
904462,501209,108,4,79.37
904463,501209,101,2,68.08
904464,501210,101,4,78.61
904465,501210,109,4,85.97
904466,501210,104,4,55.11
904467,501211,110,4,52.65
904468,501211,102,4,63.53
904469,501211,109,4,57.54
904470,501211,107,4,50.71
904471,501212,109,4,72.36
904472,501212,103,4,61.04
904473,501212,105,2,86.55
904474,501212,107,4,64.8
904475,501213,104,4,65.51
904476,501213,108,2,72.68
904477,501213,103,4,64.17
904478,501213,101,2,83.86
904479,501214,105,2,74.84
904480,501214,103,2,65.02
904481,501214,107,4,52.8
904482,501215,104,4,76.38
904483,501215,108,2,61.47
904484,501215,107,2,71.86
904485,501216,108,4,80.24
904486,501216,107,4,62.24
904487,501216,106,4,69.33
904488,501217,104,4,72.48
904489,501217,101,4,78.05
904490,501217,109,2,80.79
904491,501218,103,2,66.98
904492,501218,108,4,57.39
904493,501218,110,2,73.36
904494,501218,104,4,53.53
904495,501218,105,2,79.38
904496,501219,110,4,54.31
904497,501219,104,2,84.63
904498,501219,109,2,79.35
904499,501219,105,4,60.46
904500,501220,999,2,84.15
904501,501220,102,2,68.75
904502,501220,109,2,94.5
904503,501221,106,4,56.09
904504,501221,109,4,84.97
904505,501221,110,2,58.84
904506,501222,109,2,72.81
904507,501222,101,2,89.23
904508,501222,104,4,51.77
904509,501222,110,2,80.8
904510,501222,102,2,80.48
904511,501223,105,2,57.43
904512,501223,102,4,81.89
904513,501223,109,4,65.87
904514,501223,104,2,75.29
904515,501224,999,4,56.1
904516,501224,103,2,94.53
904517,501224,105,2,88.38
904518,501224,109,2,75.42
904519,501225,104,4,59.41
904520,501225,107,2,78.47
904521,501225,101,4,59.01
904522,501225,103,2,74.13
904523,501226,104,2,77.36
904524,501226,109,2,68.01
904525,501226,105,4,57.83
904526,501227,110,2,82.0
904527,501227,102,2,91.82
904528,501227,103,2,63.76
904529,501228,108,2,87.62
904530,501228,102,4,65.1
904531,501228,105,2,80.31
904532,501229,104,2,92.57
904533,501229,105,4,56.69
904534,501229,108,4,87.16
904535,501230,110,2,65.64
904536,501230,108,4,73.39
904537,501230,106,4,57.24
904538,501230,103,2,93.17
904539,501230,101,4,73.36
904540,501231,107,2,92.88
904541,501231,106,4,51.05
904542,501231,108,2,92.97
904543,501232,105,2,74.28
904544,501232,101,4,86.99
904545,501232,106,4,60.81
904546,501233,106,4,57.67
904547,501233,101,2,59.31
904548,501233,110,4,73.12
904549,501233,107,2,92.35
904550,501234,108,4,60.12
904551,501234,105,4,53.72
904552,501234,106,4,52.65
904553,501235,101,4,75.34
904554,501235,106,4,67.94
904555,501235,103,2,74.46
904556,501235,109,2,86.93
904557,501236,108,2,65.15
904558,501236,110,2,91.95
904559,501236,103,2,65.07
904560,501237,106,4,62.68
904561,501237,103,4,59.66
904562,501237,110,4,72.12
904563,501238,101,4,77.94
904564,501238,102,2,84.38
904565,501238,105,4,83.19
904566,501239,105,4,66.84
904567,501239,108,2,82.04
904568,501239,102,4,75.99
904569,501240,109,4,66.87
904570,501240,104,4,52.68
904571,501240,106,2,82.37
904572,501241,102,2,75.39
904573,501241,108,4,78.59
904574,501241,106,2,88.92
904575,501241,103,2,61.84
904576,501241,104,2,63.5
904577,501242,106,2,69.36
904578,501242,107,2,85.16
904579,501242,105,4,67.63
904580,501243,105,4,81.04
904581,501243,108,4,67.2
904582,501243,110,2,73.66
904583,501243,109,2,73.12
904584,501243,107,2,72.78
904585,501244,110,4,67.89
904586,501244,104,4,77.93
904587,501244,101,4,55.89
904588,501244,102,4,70.12
904589,501245,106,4,77.37
904590,501245,108,4,52.85
904591,501245,110,2,89.28
904592,501245,107,4,67.59
904593,501245,102,2,76.27
904594,501246,103,4,69.52
904595,501246,104,4,85.21
904596,501246,109,4,73.78
904597,501246,106,4,85.33
904598,501246,105,2,79.07
904599,501247,106,2,65.5
904600,501247,102,2,72.57
904601,501247,107,4,67.24
904602,501247,101,4,57.96
904603,501247,104,4,69.54
904604,501248,107,2,87.92
904605,501248,101,2,84.58
904606,501248,110,2,65.3
904607,501248,103,4,75.71
904608,501249,105,4,75.46
904609,501249,103,4,56.75
904610,501249,109,2,62.84
904611,501250,105,4,59.99
904612,501250,103,4,55.11
904613,501250,108,2,64.8
904614,501250,107,4,77.2
904615,501251,106,2,56.38
904616,501251,105,2,86.24
904617,501251,104,4,81.84
904618,501252,103,4,83.32
904619,501252,101,4,67.33
904620,501252,105,4,74.04
904621,501252,108,4,64.07
904622,501253,105,4,65.67
904623,501253,106,4,72.78
904624,501253,109,4,65.63
904625,501253,101,4,83.78
904626,501253,110,4,62.65
904627,501254,101,4,64.21
904628,501254,109,2,90.63
904629,501254,107,4,59.64
904630,501255,104,2,91.41
904631,501255,102,4,65.58
904632,501255,107,2,73.3
904633,501255,105,4,54.87
904634,501256,109,2,87.51
904635,501256,104,4,61.94
904636,501256,110,2,91.59
904637,501257,110,2,81.12
904638,501257,108,4,74.44
904639,501257,103,2,92.08
904640,501257,106,2,74.63
904641,501258,101,4,78.52
904642,501258,102,2,91.96
904643,501258,110,4,85.89
904644,501259,109,2,66.44
904645,501259,102,2,83.63
904646,501259,101,2,72.65
904647,501259,110,4,56.7
904648,501260,106,2,69.56
904649,501260,108,4,63.75
904650,501260,101,4,55.23
904651,501260,104,2,94.54
904652,501261,103,2,67.88
904653,501261,109,2,71.25
904654,501261,110,2,72.64
904655,501261,106,4,62.38
904656,501262,109,2,58.7
904657,501262,110,4,75.85
904658,501262,107,4,57.79
904659,501262,101,4,64.62
904660,501263,110,2,56.29
904661,501263,105,4,86.92
904662,501263,104,2,70.11
904663,501264,104,4,60.41
904664,501264,101,4,71.82
904665,501264,106,4,62.38
904666,501264,107,4,66.78
904667,501264,108,4,76.53
904668,501265,102,2,76.04
904669,501265,107,2,55.73
904670,501265,104,4,63.42
904671,501265,105,2,89.47
904672,501265,109,4,85.69
904673,501266,101,2,64.81
904674,501266,106,4,60.44
904675,501266,104,2,90.31
904676,501267,110,2,85.09
904677,501267,103,2,57.37
904678,501267,106,4,68.81
904679,501268,101,2,75.59
904680,501268,106,2,71.13
904681,501268,102,4,74.43
904682,501268,105,2,70.86
904683,501268,110,2,89.96
904684,501269,101,2,59.64
904685,501269,109,4,86.44
904686,501269,102,4,79.26
904687,501270,110,4,85.91
904688,501270,102,4,51.75
904689,501270,108,2,82.94
904690,501270,106,4,66.04
904691,501271,999,4,77.11
904692,501271,109,4,69.02
904693,501271,106,4,67.98
904694,501271,104,4,74.09
904695,501272,104,4,64.6
904696,501272,101,4,85.2
904697,501272,103,2,75.83
904698,501273,102,4,52.44
904699,501273,110,4,60.3
904700,501273,108,2,85.99
904701,501273,101,4,53.77
904702,501273,109,2,75.63
904703,501274,108,4,61.09
904704,501274,103,2,62.65
904705,501274,102,4,75.63
904706,501274,110,4,79.49
904707,501275,107,4,58.49
904708,501275,108,4,55.57
904709,501275,103,4,77.94
904710,501275,105,2,87.87
904711,501276,101,2,56.65
904712,501276,102,4,84.57
904713,501276,104,4,61.5
904714,501277,110,4,78.69
904715,501277,106,4,73.76
904716,501277,107,2,80.28
904717,501278,102,4,79.83
904718,501278,105,2,58.75
904719,501278,103,4,86.98
904720,501279,103,2,66.46
904721,501279,102,4,71.38
904722,501279,101,2,85.49
904723,501280,106,2,59.64
904724,501280,105,2,66.85
904725,501280,101,4,83.56
904726,501281,105,4,58.95
904727,501281,107,2,88.92
904728,501281,109,4,77.89
904729,501281,106,4,82.43
904730,501281,108,2,60.87
904731,501282,101,2,86.37
904732,501282,107,2,92.63
904733,501282,102,2,64.91
904734,501283,106,4,66.75
904735,501283,105,2,92.85
904736,501283,107,4,74.3
904737,501284,103,4,58.11
904738,501284,104,2,85.11
904739,501284,102,2,74.31
904740,501284,105,4,68.82
904741,501284,106,4,66.52
904742,501285,107,4,55.05
904743,501285,103,2,61.92
904744,501285,110,4,82.08
904745,501286,106,2,61.64
904746,501286,110,2,57.09
904747,501286,108,2,85.49
904748,501287,109,4,61.76
904749,501287,108,4,50.7
904750,501287,107,2,59.82
904751,501287,110,4,70.79
904752,501288,103,4,59.37
904753,501288,108,2,87.53
904754,501288,106,4,84.97
904755,501288,109,2,61.24
904756,501289,107,2,59.87
904757,501289,109,2,86.96
904758,501289,110,4,83.71
904759,501289,108,4,51.4
904760,501289,106,4,59.29
904761,501290,106,4,60.42
904762,501290,110,2,73.17
904763,501290,109,2,70.99
904764,501290,104,4,78.1
904765,501291,108,2,92.68
904766,501291,102,2,63.33
904767,501291,101,4,69.35
904768,501292,108,2,92.91
904769,501292,107,4,64.93
904770,501292,101,4,65.56
904771,501292,105,4,85.43
904772,501293,110,2,86.12
904773,501293,104,4,65.53
904774,501293,101,2,67.37
904775,501293,109,2,74.46
904776,501293,108,2,59.42
904777,501294,101,2,65.23
904778,501294,107,4,54.05
904779,501294,110,4,80.17
904780,501294,105,4,56.81
904781,501294,104,2,87.65
904782,501295,101,4,69.64
904783,501295,105,2,60.56
904784,501295,103,2,78.49
904785,501296,107,2,60.11
904786,501296,110,4,65.18
904787,501296,108,2,83.11
904788,501296,103,4,58.97
904789,501297,109,4,84.42
904790,501297,106,4,62.09
904791,501297,107,4,59.81
904792,501298,105,2,58.58
904793,501298,104,4,58.14
904794,501298,101,4,54.33
904795,501299,106,4,55.01
904796,501299,103,2,92.98
904797,501299,105,2,82.61
904798,501299,107,2,61.42
904799,501300,106,4,86.82
904800,501300,102,2,86.79
904801,501300,108,4,85.99
904802,501300,101,2,84.37
904803,501301,102,2,57.46
904804,501301,101,4,80.14
904805,501301,105,4,57.03
904806,501302,108,4,73.89
904807,501302,104,4,72.38
904808,501302,102,2,79.78
904809,501303,108,2,76.48
904810,501303,101,2,72.63
904811,501303,109,2,72.62
904812,501304,110,4,81.36
904813,501304,105,4,78.25
904814,501304,104,4,76.26
904815,501305,103,2,89.03
904816,501305,107,2,88.98
904817,501305,105,2,75.29
904818,501305,101,2,87.75
904819,501306,101,4,62.28
904820,501306,109,4,79.66
904821,501306,104,2,79.25
904822,501307,103,2,85.42
904823,501307,101,2,62.53
904824,501307,105,4,80.39
904825,501307,108,4,65.47
904826,501307,102,2,73.72
904827,501308,103,2,83.09
904828,501308,108,4,84.13
904829,501308,101,4,71.69
904830,501309,102,4,59.24
904831,501309,105,4,58.39
904832,501309,107,2,90.83
904833,501310,105,4,77.26
904834,501310,102,4,56.62
904835,501310,110,4,66.49
904836,501311,110,2,75.41
904837,501311,109,2,74.92
904838,501311,101,4,85.54
904839,501312,108,4,79.1
904840,501312,107,4,79.4
904841,501312,110,2,67.76
904842,501313,105,2,62.43
904843,501313,109,2,81.97
904844,501313,110,4,70.17
904845,501314,109,4,55.97
904846,501314,108,2,91.45
904847,501314,106,2,62.84
904848,501314,102,2,56.86
904849,501314,105,4,75.57
904850,501315,105,4,80.65
904851,501315,104,4,61.31
904852,501315,110,2,76.15
904853,501315,109,2,72.29
904854,501315,101,2,66.47
904855,501316,107,2,85.37
904856,501316,106,2,88.58
904857,501316,110,2,83.02
904858,501316,102,4,63.59
904859,501317,106,2,66.73
904860,501317,101,4,58.64
904861,501317,105,4,63.94
904862,501318,108,2,82.19
904863,501318,107,4,58.83
904864,501318,103,4,61.99
904865,501319,101,2,90.35
904866,501319,105,4,78.02
904867,501319,107,4,78.0
904868,501319,102,2,55.21
904869,501319,108,2,80.3
904870,501320,103,4,87.2
904871,501320,104,4,76.54
904872,501320,110,4,66.6
904873,501320,101,2,72.06
904874,501321,103,2,94.15
904875,501321,104,2,94.44
904876,501321,106,2,56.97
904877,501322,999,2,69.65
904878,501322,110,2,64.83
904879,501322,108,4,53.76
904880,501323,110,2,59.03
904881,501323,103,2,59.39
904882,501323,107,2,77.02
904883,501324,103,4,55.54
904884,501324,107,2,87.74
904885,501324,105,2,62.34
904886,501325,106,2,66.66
904887,501325,107,2,84.5
904888,501325,101,4,65.49
904889,501325,102,2,90.83
904890,501325,104,2,88.79
904891,501326,109,2,80.64
904892,501326,110,2,68.39
904893,501326,104,2,58.61
904894,501326,101,4,70.44
904895,501327,103,2,76.47
904896,501327,101,4,74.46
904897,501327,107,4,76.99
904898,501327,104,4,74.82
904899,501327,106,2,93.82
904900,501328,101,4,82.77
904901,501328,106,4,63.31
904902,501328,104,2,86.35
904903,501329,107,2,93.88
904904,501329,110,2,63.3
904905,501329,105,2,66.63
904906,501329,104,2,68.73
904907,501330,106,2,74.79
904908,501330,101,2,65.04
904909,501330,102,4,68.7
904910,501330,105,4,70.48
904911,501331,108,4,74.98
904912,501331,110,2,79.93
904913,501331,109,4,59.4
904914,501331,103,2,84.77
904915,501331,104,4,83.63
904916,501332,105,4,71.86
904917,501332,106,2,74.5
904918,501332,104,2,86.61
904919,501332,107,4,51.54
904920,501333,104,4,68.81
904921,501333,103,4,70.23
904922,501333,110,4,81.08
904923,501333,107,4,58.34
904924,501333,105,4,58.6
904925,501334,103,4,63.86
904926,501334,101,4,82.26
904927,501334,108,2,61.3
904928,501334,105,2,76.2
904929,501335,102,2,89.82
904930,501335,107,4,54.51
904931,501335,103,2,73.47
904932,501336,106,4,59.54
904933,501336,101,4,65.71
904934,501336,102,4,74.07
904935,501337,103,2,68.0
904936,501337,109,2,82.3
904937,501337,104,2,58.11
904938,501338,103,2,86.5
904939,501338,106,4,84.39
904940,501338,101,2,56.38
904941,501339,109,2,70.65
904942,501339,103,4,60.87
904943,501339,108,2,64.78
904944,501340,109,2,87.43
904945,501340,105,4,77.44
904946,501340,106,2,79.97
904947,501340,103,2,75.56
904948,501341,108,4,81.28
904949,501341,105,2,83.08
904950,501341,110,4,72.8
904951,501342,102,2,72.33
904952,501342,108,2,91.98
904953,501342,110,4,84.75
904954,501343,105,2,70.0
904955,501343,109,4,65.45
904956,501343,110,4,72.43
904957,501343,104,2,80.18
904958,501343,101,4,68.3
904959,501344,101,4,75.5
904960,501344,102,4,84.46
904961,501344,109,2,61.33
904962,501344,104,4,63.93
904963,501344,110,2,83.5
904964,501345,101,4,85.45
904965,501345,109,4,58.11
904966,501345,102,4,77.35
904967,501345,105,4,72.63
904968,501346,103,4,70.07
904969,501346,104,2,88.98
904970,501346,108,2,87.06
904971,501347,101,2,83.57
904972,501347,108,2,57.13
904973,501347,110,2,81.04
904974,501348,107,2,58.77
904975,501348,105,2,68.72
904976,501348,103,4,67.83
904977,501348,104,2,81.73
904978,501349,108,4,77.0
904979,501349,106,4,70.77
904980,501349,107,2,79.33
904981,501350,102,2,80.19
904982,501350,109,2,80.48
904983,501350,108,2,55.65
904984,501350,105,4,78.64
904985,501350,107,4,84.16
904986,501351,106,4,79.49
904987,501351,102,4,69.12
904988,501351,103,2,78.08
904989,501352,106,4,50.66
904990,501352,110,4,53.2
904991,501352,104,2,80.3
904992,501352,103,4,76.53
904993,501353,103,2,61.78
904994,501353,106,4,69.63
904995,501353,107,4,62.09
904996,501354,103,4,77.24
904997,501354,102,2,56.17
904998,501354,105,2,65.94
904999,501354,109,2,87.03
905000,501355,103,2,60.04
905001,501355,105,4,54.35
905002,501355,101,4,80.59
905003,501355,108,2,71.68
905004,501355,110,4,51.82
905005,501356,104,4,69.51
905006,501356,102,2,78.38
905007,501356,110,2,66.58
905008,501357,101,4,63.04
905009,501357,106,4,52.96
905010,501357,104,4,56.3
905011,501357,105,4,51.37
905012,501358,103,4,64.84
905013,501358,108,4,84.28
905014,501358,105,2,62.71
905015,501358,104,4,78.56
905016,501359,101,2,92.59
905017,501359,108,2,58.54
905018,501359,107,4,75.9
905019,501359,109,2,79.93
905020,501360,107,4,74.13
905021,501360,109,2,92.17
905022,501360,104,4,76.14
905023,501361,105,2,84.73
905024,501361,103,2,69.0
905025,501361,101,4,63.71
905026,501361,110,4,83.52
905027,501362,102,2,69.44
905028,501362,101,4,75.59
905029,501362,107,4,87.26
905030,501362,109,2,88.89
905031,501363,103,2,87.28
905032,501363,104,2,85.0
905033,501363,108,4,63.95
905034,501363,110,4,82.5
905035,501364,101,2,62.34
905036,501364,102,4,54.34
905037,501364,110,2,88.43
905038,501365,104,4,61.08
905039,501365,105,2,61.23
905040,501365,101,2,68.5
905041,501366,105,2,80.87
905042,501366,107,2,62.64
905043,501366,109,2,63.62
905044,501367,109,4,76.22
905045,501367,105,4,76.95
905046,501367,106,2,85.93
905047,501368,103,4,64.07
905048,501368,102,2,60.9
905049,501368,109,4,81.88
905050,501369,109,2,74.25
905051,501369,103,2,62.48
905052,501369,104,2,82.9
905053,501370,101,2,80.6
905054,501370,110,2,80.21
905055,501370,105,4,85.26
905056,501370,103,4,57.23
905057,501370,102,4,67.67
905058,501371,107,2,63.14
905059,501371,108,2,74.4
905060,501371,110,4,75.01
905061,501371,101,2,93.12
905062,501372,102,2,94.23
905063,501372,105,4,51.48
905064,501372,108,2,73.45
905065,501373,102,4,53.94
905066,501373,106,4,64.94
905067,501373,109,2,63.22
905068,501373,101,2,91.17
905069,501373,108,4,56.59
905070,501374,110,4,52.36
905071,501374,105,4,81.49
905072,501374,109,2,56.63
905073,501374,108,4,50.97
905074,501375,107,2,90.97
905075,501375,104,2,63.26
905076,501375,110,4,87.37
905077,501375,103,4,71.74
905078,501376,101,4,56.84
905079,501376,106,4,55.91
905080,501376,109,2,85.33
905081,501377,109,2,70.9
905082,501377,107,2,73.13
905083,501377,101,2,86.65
905084,501377,103,2,60.12
905085,501378,107,2,60.8
905086,501378,105,2,90.24
905087,501378,104,4,63.77
905088,501379,108,4,61.1
905089,501379,110,2,93.78
905090,501379,101,2,87.2
905091,501380,104,4,86.79
905092,501380,103,4,75.28
905093,501380,107,2,74.84
905094,501380,105,4,66.27
905095,501381,104,4,75.25
905096,501381,106,2,70.26
905097,501381,108,4,60.45
905098,501381,103,4,65.34
905099,501382,107,2,79.0
905100,501382,109,2,83.04
905101,501382,110,4,53.34
905102,501383,110,4,75.16
905103,501383,108,2,76.95
905104,501383,107,2,57.81
905105,501384,101,2,84.44
905106,501384,102,4,53.86
905107,501384,109,4,62.56
905108,501384,105,4,68.53
905109,501384,104,4,75.47
905110,501385,103,4,78.41
905111,501385,108,2,75.23
905112,501385,110,2,85.2
905113,501386,102,4,57.8
905114,501386,105,4,70.57
905115,501386,101,2,75.72
905116,501387,104,4,74.52
905117,501387,102,2,90.88
905118,501387,108,2,71.56
905119,501387,110,2,90.61
905120,501388,104,2,55.5
905121,501388,101,2,83.67
905122,501388,109,2,79.08
905123,501389,108,2,73.12
905124,501389,106,2,70.72
905125,501389,105,4,86.41
905126,501389,109,2,56.04
905127,501390,102,4,63.41
905128,501390,106,4,62.91
905129,501390,109,2,75.61
905130,501391,107,2,90.08
905131,501391,103,2,80.7
905132,501391,102,2,59.36
905133,501391,110,4,53.9
905134,501391,106,2,69.35
905135,501392,108,2,87.06
905136,501392,102,4,63.98
905137,501392,103,2,88.75
905138,501393,107,4,72.25
905139,501393,103,4,77.27
905140,501393,104,2,90.62
905141,501394,102,4,64.62
905142,501394,107,4,64.52
905143,501394,101,2,69.95
905144,501395,105,4,67.29
905145,501395,107,4,76.06
905146,501395,106,2,62.18
905147,501395,109,4,67.47
905148,501395,103,2,61.82
905149,501396,105,4,79.46
905150,501396,102,2,78.65
905151,501396,106,2,73.02
905152,501396,108,2,75.29
905153,501397,103,2,86.86
905154,501397,107,4,63.06
905155,501397,110,4,61.23
905156,501398,103,2,87.27
905157,501398,102,4,52.39
905158,501398,110,4,61.25
905159,501398,104,4,77.69
905160,501399,104,2,90.61
905161,501399,108,2,72.56
905162,501399,102,2,91.79
905163,501399,110,2,56.6
905164,501400,107,4,51.68
905165,501400,101,2,75.36
905166,501400,109,2,77.55
905167,501401,106,2,72.94
905168,501401,104,4,80.61
905169,501401,103,2,71.64
905170,501402,101,4,59.68
905171,501402,106,2,84.99
905172,501402,109,2,73.99
905173,501403,110,4,65.63
905174,501403,107,2,88.35
905175,501403,106,4,79.33
905176,501403,101,2,55.44
905177,501403,103,4,66.42
905178,501404,103,4,61.11
905179,501404,101,2,69.76
905180,501404,106,2,58.36
905181,501404,110,2,65.71
905182,501405,104,4,66.34
905183,501405,105,4,76.83
905184,501405,107,2,58.79
905185,501405,103,2,63.29
905186,501405,106,4,64.89
905187,501406,107,4,50.66
905188,501406,104,2,73.57
905189,501406,110,4,73.29
905190,501406,105,4,75.08
905191,501406,108,2,70.34
905192,501407,101,2,73.27
905193,501407,107,4,83.03
905194,501407,105,4,56.59
905195,501408,110,2,69.22
905196,501408,101,2,93.15
905197,501408,106,2,57.07
905198,501409,108,2,94.19
905199,501409,110,2,58.05
905200,501409,102,2,81.99
905201,501410,101,4,71.81
905202,501410,105,2,73.77
905203,501410,109,2,67.29
905204,501411,107,4,73.02
905205,501411,101,2,82.96
905206,501411,105,2,77.2
905207,501412,107,2,74.87
905208,501412,108,2,86.3
905209,501412,105,4,60.75
905210,501412,103,2,71.53
905211,501413,104,2,93.57
905212,501413,109,4,71.48
905213,501413,103,4,61.19
905214,501414,109,4,86.06
905215,501414,108,2,59.53
905216,501414,107,4,56.05
905217,501415,102,2,74.79
905218,501415,105,4,75.73
905219,501415,108,4,69.94
905220,501416,101,4,73.96
905221,501416,105,2,57.75
905222,501416,106,4,78.22
905223,501416,108,4,67.55
905224,501417,108,4,69.32
905225,501417,106,2,91.22
905226,501417,102,2,93.63
905227,501418,108,2,84.9
905228,501418,103,2,73.62
905229,501418,102,2,91.95
905230,501419,102,2,71.78
905231,501419,104,2,61.94
905232,501419,109,2,91.44
905233,501420,109,4,70.27
905234,501420,105,4,84.83
905235,501420,101,4,80.4
905236,501420,102,2,93.74
905237,501421,102,2,66.89
905238,501421,103,2,92.76
905239,501421,105,2,59.95
905240,501421,110,4,62.19
905241,501421,109,2,71.37
905242,501422,108,2,93.84
905243,501422,103,2,94.35
905244,501422,106,2,74.75
905245,501422,107,4,51.28
905246,501422,104,2,68.54
905247,501423,108,4,52.34
905248,501423,103,2,92.89
905249,501423,109,2,81.76
905250,501423,102,2,60.68
905251,501424,106,2,56.77
905252,501424,105,4,61.01
905253,501424,108,4,54.6
905254,501424,110,4,63.54
905255,501425,103,2,63.72
905256,501425,105,4,60.15
905257,501425,106,4,63.4
905258,501425,109,4,74.05
905259,501425,104,4,82.17
905260,501426,108,4,78.98
905261,501426,110,2,59.15
905262,501426,102,2,82.46
905263,501427,103,4,68.78
905264,501427,109,4,52.62
905265,501427,108,4,55.74
905266,501428,110,2,87.29
905267,501428,102,2,66.21
905268,501428,108,4,71.96
905269,501428,105,2,84.85
905270,501429,107,2,66.26
905271,501429,109,2,76.5
905272,501429,104,4,70.78
905273,501430,104,2,55.03
905274,501430,103,2,69.21
905275,501430,109,2,89.89
905276,501431,109,2,65.41
905277,501431,104,4,64.25
905278,501431,103,2,72.1
905279,501431,102,4,52.94
905280,501431,108,2,56.97
905281,501432,104,4,59.26
905282,501432,107,2,81.6
905283,501432,108,4,56.19
905284,501432,109,4,71.12
905285,501432,105,4,63.0
905286,501433,108,2,92.12
905287,501433,110,4,74.03
905288,501433,109,2,78.44
905289,501433,104,4,82.7
905290,501434,109,4,55.45
905291,501434,107,4,65.05
905292,501434,110,2,59.18
905293,501435,110,4,71.97
905294,501435,102,2,87.68
905295,501435,106,4,56.25
905296,501435,103,2,81.72
905297,501436,108,4,85.7
905298,501436,106,2,88.87
905299,501436,101,4,76.26
905300,501437,107,2,70.65
905301,501437,108,2,70.98
905302,501437,101,2,93.74
905303,501437,109,4,56.56
905304,501437,106,4,66.03
905305,501438,999,4,65.74
905306,501438,107,2,65.96
905307,501438,109,4,63.4
905308,501439,106,4,74.89
905309,501439,109,2,85.12
905310,501439,107,4,67.2
905311,501439,104,2,83.47
905312,501439,105,4,53.04
905313,501440,105,4,78.92
905314,501440,110,4,70.59
905315,501440,103,4,67.93
905316,501441,109,2,84.88
905317,501441,106,4,80.62
905318,501441,107,4,69.86
905319,501442,109,2,92.44
905320,501442,107,4,66.17
905321,501442,105,4,76.27
905322,501442,102,4,55.92
905323,501442,103,4,78.09
905324,501443,109,4,76.13
905325,501443,105,2,85.05
905326,501443,110,2,94.56
905327,501444,106,2,88.46
905328,501444,103,4,63.28
905329,501444,105,4,77.61
905330,501445,103,4,78.37
905331,501445,107,4,52.8
905332,501445,106,2,67.59
905333,501446,106,2,76.4
905334,501446,107,4,81.18
905335,501446,110,4,67.03
905336,501446,105,2,66.19
905337,501447,107,4,67.29
905338,501447,102,4,73.33
905339,501447,109,2,55.9
905340,501448,110,4,73.97
905341,501448,101,2,58.51
905342,501448,107,2,84.81
905343,501449,110,2,77.45
905344,501449,101,2,83.69
905345,501449,102,4,75.73
905346,501449,107,2,61.07
905347,501450,107,2,70.5
905348,501450,108,2,56.22
905349,501450,102,4,77.87
905350,501451,107,2,76.54
905351,501451,104,4,74.67
905352,501451,106,2,80.9
905353,501452,109,2,84.39
905354,501452,110,2,59.58
905355,501452,106,4,74.68
905356,501453,109,4,55.67
905357,501453,108,2,64.57
905358,501453,101,4,79.53
905359,501453,102,2,62.11
905360,501453,106,4,60.74
905361,501454,109,2,94.1
905362,501454,106,2,56.7
905363,501454,104,2,77.16
905364,501454,105,2,63.33
905365,501454,102,4,76.54
905366,501455,106,2,72.93
905367,501455,105,4,57.95
905368,501455,108,2,60.45
905369,501455,104,4,67.47
905370,501456,105,4,78.71
905371,501456,110,4,52.89
905372,501456,104,2,87.03
905373,501456,108,4,60.03
905374,501456,103,4,55.5
905375,501457,105,4,76.96
905376,501457,102,4,60.97
905377,501457,110,4,86.82
905378,501457,108,4,63.06
905379,501457,107,4,51.91
905380,501458,101,2,74.49
905381,501458,104,2,68.49
905382,501458,110,2,71.62
905383,501458,102,2,85.12
905384,501459,102,2,64.45
905385,501459,110,2,92.55
905386,501459,101,4,71.33
905387,501459,108,2,92.44
905388,501459,106,4,87.35
905389,501460,106,2,59.56
905390,501460,102,4,56.07
905391,501460,103,4,76.32
905392,501461,103,2,58.68
905393,501461,108,2,60.13
905394,501461,101,2,74.39
905395,501461,107,4,74.4
905396,501462,103,4,51.13
905397,501462,102,4,68.96
905398,501462,108,2,72.16
905399,501463,105,4,70.29
905400,501463,101,2,88.26
905401,501463,104,2,88.79
905402,501463,108,2,85.88
905403,501463,110,4,57.81
905404,501464,102,4,52.45
905405,501464,110,4,85.46
905406,501464,109,2,60.77
905407,501464,108,2,92.49
905408,501465,109,2,55.03
905409,501465,105,4,55.26
905410,501465,107,4,55.04
905411,501466,104,4,65.9
905412,501466,101,2,71.6
905413,501466,109,2,58.07
905414,501466,108,4,51.09
905415,501466,110,2,70.1
905416,501467,107,2,55.65
905417,501467,101,4,72.31
905418,501467,108,4,70.2
905419,501467,109,4,83.22
905420,501468,102,2,81.66
905421,501468,105,2,74.28
905422,501468,107,4,51.17
905423,501468,110,4,50.9
905424,501469,108,2,59.67
905425,501469,105,2,85.66
905426,501469,110,2,71.45
905427,501469,103,4,52.03
905428,501469,104,4,61.67
905429,501470,105,4,69.21
905430,501470,110,4,55.64
905431,501470,103,4,86.97
905432,501471,105,4,63.7
905433,501471,103,2,88.78
905434,501471,107,4,62.33
905435,501472,106,2,55.95
905436,501472,108,2,60.14
905437,501472,109,2,70.46
905438,501473,102,2,75.38
905439,501473,107,4,59.25
905440,501473,103,2,81.37
905441,501473,101,4,66.25
905442,501473,104,4,68.39
905443,501474,105,4,76.04
905444,501474,102,4,55.71
905445,501474,108,2,63.53
905446,501474,106,2,94.09
905447,501474,110,4,53.62
905448,501475,105,4,63.89
905449,501475,102,4,86.18
905450,501475,109,2,73.89
905451,501475,104,2,71.87
905452,501475,103,4,61.59
905453,501476,106,4,65.4
905454,501476,104,4,69.86
905455,501476,110,4,54.06
905456,501476,102,2,64.33
905457,501476,103,4,78.05
905458,501477,106,4,71.7
905459,501477,105,4,58.15
905460,501477,104,4,80.4
905461,501477,103,4,80.3
905462,501478,106,4,71.22
905463,501478,105,4,54.64
905464,501478,102,2,60.34
905465,501478,109,2,82.25
905466,501479,104,4,75.0
905467,501479,106,2,75.31
905468,501479,110,4,76.82
905469,501479,101,4,52.2
905470,501480,102,4,76.17
905471,501480,101,2,76.19
905472,501480,110,4,76.75
905473,501480,108,2,69.82
905474,501480,107,4,77.1
905475,501481,109,4,76.05
905476,501481,103,2,72.69
905477,501481,102,2,80.45
905478,501481,104,4,60.67
905479,501481,107,2,70.1
905480,501482,101,2,86.84
905481,501482,106,4,66.16
905482,501482,110,2,82.31
905483,501482,109,4,66.41
905484,501482,105,4,61.77
905485,501483,102,4,73.13
905486,501483,106,2,94.7
905487,501483,105,4,80.04
905488,501483,109,4,60.18
905489,501484,101,2,73.32
905490,501484,104,4,71.55
905491,501484,103,4,51.72
905492,501485,101,4,74.03
905493,501485,106,2,58.5
905494,501485,109,2,77.58
905495,501486,110,4,71.05
905496,501486,109,4,53.1
905497,501486,107,4,54.67
905498,501487,108,2,70.6
905499,501487,107,4,70.66
905500,501487,110,4,67.41
905501,501488,105,2,78.98
905502,501488,108,2,67.43
905503,501488,104,4,73.05
905504,501489,109,4,75.6
905505,501489,108,2,58.24
905506,501489,104,4,82.69
905507,501490,103,2,67.59
905508,501490,105,4,85.17
905509,501490,107,4,57.28
905510,501491,105,4,70.59
905511,501491,103,4,74.32
905512,501491,109,2,57.84
905513,501492,106,2,71.04
905514,501492,102,4,80.11
905515,501492,104,2,61.65
905516,501492,110,2,77.37
905517,501493,109,2,88.85
905518,501493,107,2,70.36
905519,501493,110,2,76.89
905520,501494,105,2,70.41
905521,501494,104,2,87.87
905522,501494,103,4,76.63
905523,501495,107,2,87.1
905524,501495,108,2,84.85
905525,501495,106,4,61.3
905526,501495,102,2,66.83
905527,501496,106,2,84.75
905528,501496,109,4,67.59
905529,501496,104,4,84.18
905530,501497,110,4,63.19
905531,501497,105,2,81.91
905532,501497,102,4,64.69
905533,501497,106,4,79.32
905534,501498,102,2,91.93
905535,501498,107,2,63.77
905536,501498,101,2,76.21
905537,501499,106,4,83.22
905538,501499,107,2,61.12
905539,501499,109,4,67.83
905540,501499,104,2,82.57
905541,501500,103,4,71.86
905542,501500,110,4,61.64
905543,501500,104,2,60.76
905544,501501,108,2,76.05
905545,501501,103,4,56.7
905546,501501,104,2,92.41
905547,501502,109,4,73.24
905548,501502,102,4,55.82
905549,501502,104,2,83.25
905550,501503,110,4,65.9
905551,501503,109,4,58.35
905552,501503,102,2,83.5
905553,501504,103,2,88.76
905554,501504,105,2,78.64
905555,501504,104,2,60.39
905556,501504,106,2,88.11
905557,501504,107,4,76.85
905558,501505,103,2,86.1
905559,501505,104,4,75.4
905560,501505,101,2,80.83
905561,501506,101,4,83.79
905562,501506,108,2,55.85
905563,501506,104,4,63.59
905564,501507,104,4,81.5
905565,501507,106,2,65.43
905566,501507,108,4,67.47
905567,501507,107,2,75.64
905568,501508,110,2,92.71
905569,501508,107,4,58.72
905570,501508,108,2,67.87
905571,501509,105,2,93.04
905572,501509,109,4,79.9
905573,501509,103,4,65.07
905574,501509,110,2,91.48
905575,501509,104,2,69.49
905576,501510,104,2,83.16
905577,501510,102,2,68.17
905578,501510,103,4,62.37
905579,501510,110,2,85.59
905580,501511,101,4,51.45
905581,501511,107,2,84.28
905582,501511,105,2,74.43
905583,501512,108,2,87.83
905584,501512,109,2,57.39
905585,501512,105,4,66.41
905586,501512,107,4,73.45
905587,501513,104,2,85.92
905588,501513,106,2,89.95
905589,501513,109,4,63.85
905590,501513,110,2,58.59
905591,501514,107,4,79.95
905592,501514,104,4,52.09
905593,501514,108,2,56.56
905594,501515,106,2,64.16
905595,501515,104,4,53.24
905596,501515,101,2,59.11
905597,501515,103,2,84.93
905598,501515,108,2,55.4
905599,501516,109,2,71.53
905600,501516,105,2,69.83
905601,501516,106,2,92.05
905602,501516,107,2,59.56
905603,501517,110,4,56.43
905604,501517,105,2,71.33
905605,501517,108,4,50.78
905606,501518,106,4,83.72
905607,501518,109,4,58.72
905608,501518,107,2,90.74
905609,501518,103,4,73.01
905610,501519,105,2,74.62
905611,501519,104,4,68.6
905612,501519,103,2,83.49
905613,501520,101,4,76.35
905614,501520,107,2,81.41
905615,501520,102,2,81.66
905616,501521,105,4,86.05
905617,501521,103,2,82.96
905618,501521,106,4,68.51
905619,501522,105,2,89.62
905620,501522,110,4,52.97
905621,501522,101,2,79.9
905622,501523,104,2,80.43
905623,501523,108,4,70.99
905624,501523,105,4,65.79
905625,501523,110,2,65.94
905626,501523,102,4,75.98
905627,501524,107,2,57.4
905628,501524,106,4,56.71
905629,501524,105,4,53.18
905630,501524,102,4,82.17
905631,501524,109,4,52.78
905632,501525,105,4,71.57
905633,501525,106,2,64.13
905634,501525,108,2,94.09
905635,501525,109,2,94.82
905636,501525,107,4,54.03
905637,501526,999,4,53.72
905638,501526,104,4,73.57
905639,501526,106,4,71.96
905640,501526,102,2,91.83
905641,501527,102,2,90.82
905642,501527,103,4,61.15
905643,501527,104,4,72.9
905644,501528,102,4,81.56
905645,501528,109,2,67.01
905646,501528,106,2,84.5
905647,501528,110,2,57.47
905648,501529,103,4,83.48
905649,501529,109,2,81.79
905650,501529,101,4,53.3
905651,501529,110,4,64.1
905652,501530,105,4,63.51
905653,501530,104,2,80.24
905654,501530,106,2,80.17
905655,501530,108,4,51.77
905656,501531,101,2,60.44
905657,501531,106,2,65.54
905658,501531,103,2,93.05
905659,501532,109,2,68.32
905660,501532,110,2,71.83
905661,501532,104,2,59.63
905662,501532,106,2,65.43
905663,501532,102,2,85.61
905664,501533,110,4,57.82
905665,501533,102,4,69.75
905666,501533,104,2,69.99
905667,501533,105,2,55.62
905668,501533,108,4,54.18
905669,501534,110,4,80.87
905670,501534,102,2,83.18
905671,501534,109,4,61.7
905672,501534,108,2,57.37
905673,501534,103,2,73.67
905674,501535,101,2,75.52
905675,501535,104,2,59.94
905676,501535,109,4,75.04
905677,501535,107,2,59.18
905678,501536,110,2,57.6
905679,501536,108,4,82.74
905680,501536,104,4,57.36
905681,501536,101,2,60.23
905682,501536,103,4,54.79
905683,501537,108,4,82.4
905684,501537,102,2,63.55
905685,501537,104,2,62.49
905686,501537,107,2,61.46
905687,501538,109,4,56.34
905688,501538,105,2,69.68
905689,501538,106,4,68.89
905690,501538,101,4,77.93
905691,501538,102,2,84.64
905692,501539,108,4,77.45
905693,501539,102,4,69.3
905694,501539,103,4,65.99
905695,501539,105,2,71.87
905696,501539,110,4,57.16
905697,501540,103,4,82.6
905698,501540,109,2,76.68
905699,501540,102,2,56.78
905700,501540,105,4,81.84
905701,501541,106,2,87.82
905702,501541,105,2,64.94
905703,501541,110,2,68.5
905704,501541,108,4,52.33
905705,501542,110,2,62.53
905706,501542,101,4,76.19
905707,501542,102,2,87.9
905708,501543,106,2,73.52
905709,501543,110,2,65.35
905710,501543,101,4,53.53
905711,501543,105,2,69.25
905712,501543,102,2,64.17
905713,501544,101,4,64.01
905714,501544,103,2,88.5
905715,501544,108,4,55.03
905716,501544,110,2,91.1
905717,501545,101,2,60.61
905718,501545,110,2,61.02
905719,501545,106,4,54.81
905720,501545,109,2,93.46
905721,501545,104,4,68.77
905722,501546,109,4,75.55
905723,501546,110,2,67.54
905724,501546,106,2,81.4
905725,501546,105,4,86.83
905726,501547,103,4,85.63
905727,501547,107,2,91.17
905728,501547,105,2,61.01
905729,501548,106,4,57.82
905730,501548,110,2,60.07
905731,501548,108,2,85.97
905732,501548,102,4,76.43
905733,501548,107,4,76.77
905734,501549,103,4,85.4
905735,501549,107,2,65.03
905736,501549,105,2,57.49
905737,501550,108,4,63.24
905738,501550,110,2,91.81
905739,501550,102,4,55.48
905740,501551,104,4,50.75
905741,501551,105,4,73.42
905742,501551,102,4,64.39
905743,501551,110,4,69.89
905744,501552,108,4,57.13
905745,501552,105,2,77.74
905746,501552,106,2,89.59
905747,501553,105,2,65.74
905748,501553,110,4,74.61
905749,501553,106,4,72.0
905750,501554,104,4,65.61
905751,501554,109,2,65.18
905752,501554,101,4,70.65
905753,501555,107,2,91.99
905754,501555,102,2,74.71
905755,501555,104,4,56.72
905756,501555,101,4,60.82
905757,501556,110,4,71.42
905758,501556,105,2,78.69
905759,501556,104,4,85.03
905760,501556,108,2,60.15
905761,501557,104,4,62.32
905762,501557,102,4,76.6
905763,501557,107,2,55.05
905764,501558,108,2,75.48
905765,501558,105,4,65.73
905766,501558,101,4,53.72
905767,501559,104,2,68.42
905768,501559,103,4,59.83
905769,501559,110,4,77.44
905770,501560,106,4,59.93
905771,501560,109,2,81.35
905772,501560,103,4,77.18
905773,501560,104,4,77.41
905774,501561,103,2,58.8
905775,501561,105,4,63.16
905776,501561,108,4,70.6
905777,501562,105,2,81.37
905778,501562,101,4,62.21
905779,501562,110,2,79.86
905780,501562,109,2,81.01
905781,501562,108,4,86.03
905782,501563,104,2,75.98
905783,501563,101,4,62.36
905784,501563,106,4,57.73
905785,501563,105,4,76.96
905786,501564,105,2,71.54
905787,501564,107,4,65.65
905788,501564,108,4,85.85
905789,501565,104,4,78.4
905790,501565,110,2,68.95
905791,501565,105,2,82.5
905792,501565,107,2,68.51
905793,501565,108,4,80.99
905794,501566,108,4,50.68
905795,501566,109,4,52.65
905796,501566,107,2,59.2
905797,501566,110,4,74.15
905798,501567,101,4,64.44
905799,501567,107,2,74.91
905800,501567,106,4,59.32
905801,501568,106,4,80.23
905802,501568,109,2,62.24
905803,501568,107,2,74.9
905804,501569,107,4,77.13
905805,501569,109,2,90.35
905806,501569,102,4,78.11
905807,501570,107,4,56.1
905808,501570,102,4,77.34
905809,501570,105,4,60.7
905810,501570,106,4,54.56
905811,501570,109,2,88.12
905812,501571,105,2,87.74
905813,501571,108,2,71.38
905814,501571,109,4,61.26
905815,501572,104,2,60.07
905816,501572,109,4,50.92
905817,501572,103,4,81.04
905818,501573,107,2,71.43
905819,501573,102,2,68.48
905820,501573,103,2,91.91
905821,501573,109,4,68.19
905822,501574,109,2,78.42
905823,501574,103,2,78.91
905824,501574,102,4,64.96
905825,501575,102,4,65.33
905826,501575,107,4,54.38
905827,501575,103,2,65.33
905828,501575,101,2,63.58
905829,501576,999,4,54.14
905830,501576,107,4,69.37
905831,501576,102,2,57.75
905832,501576,110,4,84.48
905833,501577,101,2,75.05
905834,501577,107,4,67.78
905835,501577,106,2,75.46
905836,501578,101,4,68.04
905837,501578,107,2,59.63
905838,501578,110,4,50.72
905839,501578,108,4,75.55
905840,501579,103,2,57.94
905841,501579,101,2,62.6
905842,501579,106,2,76.13
905843,501579,102,2,71.5
905844,501580,102,4,78.4
905845,501580,101,2,71.15
905846,501580,107,2,89.53
905847,501580,103,4,61.98
905848,501580,110,2,81.78
905849,501581,109,2,66.09
905850,501581,108,4,84.19
905851,501581,106,2,67.59
905852,501581,104,4,68.88
905853,501581,105,2,87.23
905854,501582,102,4,59.78
905855,501582,104,2,88.06
905856,501582,107,4,80.72
905857,501582,106,2,84.11
905858,501583,110,4,64.34
905859,501583,103,2,56.48
905860,501583,109,4,86.37
905861,501584,107,4,85.52
905862,501584,106,4,80.62
905863,501584,110,4,86.73
905864,501585,107,2,68.08
905865,501585,109,4,60.57
905866,501585,102,4,53.48
905867,501585,104,4,51.03
905868,501586,109,2,69.3
905869,501586,103,4,81.65
905870,501586,104,2,64.22
905871,501587,104,2,76.59
905872,501587,102,2,68.69
905873,501587,109,4,66.63
905874,501587,106,2,71.64
905875,501587,107,4,80.65
905876,501588,106,4,53.17
905877,501588,101,4,69.17
905878,501588,109,2,89.08
905879,501588,107,4,57.67
905880,501589,110,4,70.96
905881,501589,106,2,65.81
905882,501589,107,4,63.27
905883,501589,108,2,55.72
905884,501590,101,4,63.1
905885,501590,103,2,87.94
905886,501590,108,2,81.86
905887,501590,106,4,63.52
905888,501591,105,2,67.14
905889,501591,110,2,83.56
905890,501591,103,4,61.89
905891,501592,103,4,56.93
905892,501592,102,2,56.89
905893,501592,106,4,60.8
905894,501593,109,2,56.08
905895,501593,101,2,65.59
905896,501593,110,2,78.59
905897,501593,102,4,86.97
905898,501593,105,4,69.31
905899,501594,106,2,71.87
905900,501594,101,2,79.79
905901,501594,110,4,59.39
905902,501594,103,2,61.46
905903,501595,105,4,79.35
905904,501595,101,2,83.46
905905,501595,104,4,85.13
905906,501595,109,2,68.2
905907,501596,106,2,76.74
905908,501596,110,4,57.05
905909,501596,103,4,81.8
905910,501596,104,2,81.84
905911,501597,108,4,52.33
905912,501597,105,4,60.05
905913,501597,102,2,85.07
905914,501597,104,2,74.77
905915,501597,106,4,65.89
905916,501598,103,2,81.41
905917,501598,110,2,64.68
905918,501598,108,2,88.11
905919,501598,101,4,53.37
905920,501599,102,4,83.28
905921,501599,105,4,82.62
905922,501599,110,4,72.85
905923,501600,108,2,78.55
905924,501600,104,4,60.09
905925,501600,105,2,66.42
905926,501600,101,4,66.87
905927,501601,108,2,57.26
905928,501601,110,4,84.93
905929,501601,106,2,57.24
905930,501601,109,2,62.85
905931,501601,103,2,69.51
905932,501602,104,4,67.07
905933,501602,108,4,72.42
905934,501602,109,4,52.67
905935,501603,108,2,85.38
905936,501603,101,4,65.71
905937,501603,107,2,70.47
905938,501603,102,4,60.06
905939,501603,103,4,84.55
905940,501604,107,4,64.38
905941,501604,104,4,62.52
905942,501604,110,4,78.49
905943,501605,104,2,72.4
905944,501605,103,2,85.37
905945,501605,106,4,86.12
905946,501605,108,2,61.4
905947,501606,101,2,55.2
905948,501606,109,4,61.34
905949,501606,105,2,79.49
905950,501606,108,4,65.32
905951,501606,103,2,84.68
905952,501607,105,2,75.64
905953,501607,109,4,79.88
905954,501607,110,4,61.85
905955,501607,104,2,84.53
905956,501607,103,2,72.63
905957,501608,104,2,79.84
905958,501608,107,4,65.58
905959,501608,109,2,75.93
905960,501609,109,2,84.27
905961,501609,106,2,78.84
905962,501609,103,2,90.97
905963,501610,108,2,70.36
905964,501610,101,2,65.28
905965,501610,110,4,63.0
905966,501611,102,2,61.19
905967,501611,104,2,88.6
905968,501611,108,4,78.96
905969,501611,110,2,72.61
905970,501612,102,4,72.79
905971,501612,109,4,68.82
905972,501612,101,2,75.1
905973,501612,105,4,69.1
905974,501613,108,2,74.03
905975,501613,103,2,74.57
905976,501613,102,4,70.93
905977,501614,109,2,82.7
905978,501614,101,2,88.92
905979,501614,107,4,77.79
905980,501614,110,2,57.78
905981,501614,108,4,70.56
905982,501615,104,4,74.51
905983,501615,107,2,81.95
905984,501615,103,4,77.15
905985,501616,108,4,81.51
905986,501616,102,4,57.62
905987,501616,110,4,59.7
905988,501617,107,2,63.67
905989,501617,105,2,77.39
905990,501617,106,4,53.52
905991,501618,108,4,76.34
905992,501618,105,2,63.92
905993,501618,109,2,58.92
905994,501619,109,2,56.1
905995,501619,105,4,54.27
905996,501619,106,4,76.08
905997,501619,107,4,72.78
905998,501620,103,4,58.39
905999,501620,101,4,64.56
906000,501620,108,4,68.77
906001,501621,110,2,75.54
906002,501621,105,4,85.09
906003,501621,102,2,74.41
906004,501621,104,4,83.77
906005,501621,101,4,50.77
906006,501622,102,4,72.68
906007,501622,105,4,76.2
906008,501622,108,2,64.22
906009,501623,102,4,60.82
906010,501623,108,2,66.67
906011,501623,105,4,86.6
906012,501624,110,4,80.2
906013,501624,102,2,56.46
906014,501624,109,4,51.9
906015,501625,105,2,63.67
906016,501625,107,2,78.3
906017,501625,110,2,75.38
906018,501625,103,4,58.99
906019,501625,108,2,87.9
906020,501626,105,4,74.59
906021,501626,109,4,76.29
906022,501626,101,2,58.57
906023,501626,103,2,59.84
906024,501627,102,2,55.16
906025,501627,104,2,55.85
906026,501627,106,4,50.68
906027,501628,105,4,69.27
906028,501628,106,4,76.3
906029,501628,107,4,68.12
906030,501628,104,2,55.4
906031,501629,106,4,53.79
906032,501629,107,2,76.02
906033,501629,109,4,86.32
906034,501630,110,4,56.2
906035,501630,106,2,56.02
906036,501630,107,2,74.5
906037,501630,102,4,86.57
906038,501631,109,4,58.66
906039,501631,101,4,81.05
906040,501631,103,2,92.83
906041,501632,106,4,67.84
906042,501632,107,4,58.26
906043,501632,110,4,55.93
906044,501632,109,4,85.52
906045,501633,108,4,60.53
906046,501633,103,4,80.12
906047,501633,106,4,68.04
906048,501634,106,4,82.29
906049,501634,104,2,80.86
906050,501634,101,2,67.18
906051,501634,107,4,78.75
906052,501634,103,4,71.85
906053,501635,104,2,87.66
906054,501635,109,4,58.94
906055,501635,106,2,71.21
906056,501636,105,2,83.95
906057,501636,108,4,84.14
906058,501636,104,2,87.11
906059,501637,102,2,75.33
906060,501637,109,2,81.56
906061,501637,101,2,84.08
906062,501637,110,2,79.81
906063,501637,103,2,79.44
906064,501638,108,4,84.03
906065,501638,105,2,70.22
906066,501638,110,4,69.75
906067,501638,107,2,92.18
906068,501638,102,2,86.71
906069,501639,104,4,62.36
906070,501639,105,4,80.66
906071,501639,108,4,54.12
906072,501639,102,2,57.1
906073,501640,109,2,93.23
906074,501640,106,2,88.07
906075,501640,108,4,77.14
906076,501641,101,2,78.91
906077,501641,110,2,90.33
906078,501641,105,2,78.23
906079,501642,101,4,71.68
906080,501642,107,2,87.86
906081,501642,103,2,70.61
906082,501642,104,2,63.96
906083,501643,104,2,86.98
906084,501643,102,2,92.48
906085,501643,103,4,71.48
906086,501643,109,2,91.78
906087,501643,106,4,64.86
906088,501644,102,2,90.48
906089,501644,106,2,57.37
906090,501644,105,4,86.68
906091,501644,108,4,68.62
906092,501645,105,2,90.35
906093,501645,107,2,77.92
906094,501645,102,4,83.63
906095,501645,108,2,59.18
906096,501646,109,4,67.44
906097,501646,104,2,66.99
906098,501646,105,4,70.04
906099,501647,101,2,60.74
906100,501647,105,2,56.54
906101,501647,108,2,84.66
906102,501648,105,2,61.26
906103,501648,107,4,81.06
906104,501648,110,4,78.27
906105,501649,109,2,55.99
906106,501649,110,2,61.33
906107,501649,102,4,67.35
906108,501650,103,2,72.83
906109,501650,105,2,56.2
906110,501650,106,4,67.72
906111,501650,102,4,57.82
906112,501651,104,4,53.56
906113,501651,106,2,58.62
906114,501651,105,4,79.82
906115,501651,107,4,77.53
906116,501652,103,4,66.96
906117,501652,107,2,82.16
906118,501652,106,2,90.01
906119,501652,104,2,55.07
906120,501653,105,4,76.95
906121,501653,110,4,77.32
906122,501653,104,2,65.02
906123,501653,101,4,73.71
906124,501654,108,4,63.03
906125,501654,104,2,83.56
906126,501654,110,2,87.17
906127,501654,109,2,88.22
906128,501654,102,4,53.75
906129,501655,101,4,72.65
906130,501655,102,2,61.82
906131,501655,105,4,70.52
906132,501656,107,2,64.42
906133,501656,108,2,62.2
906134,501656,104,4,57.08
906135,501656,105,4,73.45
906136,501657,102,2,89.71
906137,501657,105,2,62.65
906138,501657,107,4,51.23
906139,501658,104,2,91.83
906140,501658,108,4,76.67
906141,501658,101,4,74.8
906142,501659,108,4,62.4
906143,501659,102,2,66.68
906144,501659,110,4,64.78
906145,501659,105,4,71.97
906146,501660,108,4,63.29
906147,501660,107,4,79.9
906148,501660,102,2,60.04
906149,501661,104,4,68.15
906150,501661,106,2,94.39
906151,501661,105,4,68.17
906152,501662,107,2,57.46
906153,501662,101,2,67.52
906154,501662,110,4,63.23
906155,501663,106,4,59.05
906156,501663,104,4,58.53
906157,501663,108,2,89.49
906158,501664,104,2,56.69
906159,501664,107,2,70.15
906160,501664,110,2,80.45
906161,501665,105,4,54.76
906162,501665,102,2,81.36
906163,501665,101,4,62.32
906164,501665,106,4,51.82
906165,501665,104,4,60.87
906166,501666,101,4,70.96
906167,501666,102,4,51.73
906168,501666,104,4,67.57
906169,501666,110,4,68.41
906170,501667,104,4,79.94
906171,501667,102,4,54.04
906172,501667,101,2,71.2
906173,501668,110,4,73.26
906174,501668,104,2,76.05
906175,501668,102,4,83.61
906176,501669,107,2,59.4
906177,501669,101,4,54.83
906178,501669,104,4,80.66
906179,501670,105,4,60.14
906180,501670,109,2,93.17
906181,501670,110,4,73.15
906182,501671,109,4,72.31
906183,501671,106,4,56.55
906184,501671,102,2,79.93
906185,501671,108,2,61.18
906186,501671,105,4,82.35
906187,501672,104,2,65.98
906188,501672,102,4,51.8
906189,501672,101,4,64.18
906190,501672,106,4,70.17
906191,501673,110,2,85.73
906192,501673,105,4,64.47
906193,501673,104,4,54.25
906194,501674,103,2,61.2
906195,501674,104,2,75.21
906196,501674,110,4,57.39
906197,501675,101,2,84.03
906198,501675,102,2,55.19
906199,501675,107,4,73.95
906200,501676,107,4,77.04
906201,501676,102,2,60.46
906202,501676,108,2,68.27
906203,501677,105,2,59.75
906204,501677,102,2,74.02
906205,501677,104,2,69.54
906206,501678,107,2,91.49
906207,501678,103,4,86.74
906208,501678,108,4,55.66
906209,501679,110,2,72.89
906210,501679,103,4,69.48
906211,501679,102,4,87.33
906212,501679,109,4,66.45
906213,501679,105,2,76.17
906214,501680,105,4,78.22
906215,501680,109,4,69.76
906216,501680,108,2,67.77
906217,501680,101,2,73.11
906218,501680,110,4,63.33
906219,501681,102,4,87.39
906220,501681,110,2,60.09
906221,501681,107,4,51.7
906222,501682,109,4,84.22
906223,501682,110,4,53.43
906224,501682,103,4,81.26
906225,501682,102,2,87.65
906226,501683,106,4,63.9
906227,501683,102,4,75.89
906228,501683,110,4,60.64
906229,501683,103,2,56.75
906230,501683,108,2,70.84
906231,501684,103,2,68.1
906232,501684,107,2,67.03
906233,501684,104,4,55.03
906234,501684,109,2,87.52
906235,501685,110,2,67.82
906236,501685,103,2,75.98
906237,501685,104,2,76.44
906238,501685,108,2,88.43
906239,501686,107,2,59.27
906240,501686,109,2,57.12
906241,501686,108,4,72.98
906242,501687,103,4,64.54
906243,501687,102,4,85.89
906244,501687,109,2,91.98
906245,501688,106,2,70.12
906246,501688,109,2,56.33
906247,501688,104,2,68.16
906248,501689,109,4,85.94
906249,501689,107,2,91.98
906250,501689,102,4,70.3
906251,501689,103,4,55.34
906252,501689,110,4,59.95
906253,501690,105,4,70.37
906254,501690,110,4,60.8
906255,501690,104,4,52.03
906256,501691,109,2,78.9
906257,501691,106,4,82.58
906258,501691,107,4,66.41
906259,501692,109,4,78.28
906260,501692,110,2,59.19
906261,501692,106,2,70.29
906262,501692,104,4,63.55
906263,501692,108,2,89.11
906264,501693,109,2,73.02
906265,501693,110,4,59.43
906266,501693,104,2,94.72
906267,501693,108,4,81.94
906268,501694,104,4,60.98
906269,501694,106,4,61.33
906270,501694,105,2,68.22
906271,501694,101,2,82.6
906272,501695,108,4,83.08
906273,501695,101,2,84.15
906274,501695,110,4,82.01
906275,501695,109,4,65.33
906276,501696,106,2,81.63
906277,501696,110,4,77.13
906278,501696,107,4,73.98
906279,501697,104,2,64.94
906280,501697,106,2,66.64
906281,501697,105,2,64.12
906282,501697,110,4,53.69
906283,501698,103,2,74.53
906284,501698,102,4,86.29
906285,501698,105,2,93.17
906286,501698,106,2,68.62
906287,501699,109,4,57.87
906288,501699,102,4,63.97
906289,501699,103,2,71.18
906290,501699,101,2,67.68
906291,501700,101,4,50.67
906292,501700,110,4,68.69
906293,501700,109,4,85.48
906294,501700,104,4,53.0
906295,501700,105,4,72.37
906296,501701,106,2,59.8
906297,501701,108,2,87.31
906298,501701,109,2,55.33
906299,501701,107,4,77.25
906300,501702,110,2,65.66
906301,501702,101,2,90.51
906302,501702,107,4,53.59
906303,501703,103,4,74.81
906304,501703,110,2,91.64
906305,501703,104,4,67.61
906306,501704,101,4,69.45
906307,501704,109,2,73.16
906308,501704,103,2,84.5
906309,501705,103,2,69.88
906310,501705,106,4,86.78
906311,501705,107,2,72.28
906312,501706,107,4,56.03
906313,501706,103,4,54.66
906314,501706,108,4,66.65
906315,501707,105,4,62.82
906316,501707,107,2,77.9
906317,501707,101,2,73.0
906318,501707,103,2,93.71
906319,501708,101,2,85.26
906320,501708,107,2,63.31
906321,501708,110,2,73.14
906322,501708,105,4,77.72
906323,501709,108,4,52.97
906324,501709,102,4,68.52
906325,501709,101,4,53.35
906326,501709,105,2,63.64
906327,501710,109,4,68.06
906328,501710,101,2,88.37
906329,501710,105,2,90.3
906330,501710,102,4,69.02
906331,501710,103,4,70.95
906332,501711,102,2,82.16
906333,501711,103,2,57.87
906334,501711,109,4,70.0
906335,501711,105,2,78.36
906336,501712,106,2,79.45
906337,501712,104,2,88.85
906338,501712,102,2,75.12
906339,501713,104,4,73.6
906340,501713,102,4,58.87
906341,501713,106,2,72.46
906342,501714,106,4,69.77
906343,501714,105,4,57.7
906344,501714,110,2,71.42
906345,501714,104,4,80.61
906346,501715,108,2,82.45
906347,501715,106,2,59.16
906348,501715,103,4,52.28
906349,501715,104,4,83.46
906350,501715,109,2,76.01
906351,501716,107,4,58.54
906352,501716,109,4,77.06
906353,501716,108,4,69.86
906354,501716,103,4,80.34
906355,501717,104,2,68.67
906356,501717,107,2,63.51
906357,501717,101,2,88.06
906358,501717,108,2,63.13
906359,501717,106,4,64.62
906360,501718,102,4,50.81
906361,501718,103,2,90.65
906362,501718,109,2,65.91
906363,501718,106,2,75.94
906364,501719,106,2,70.76
906365,501719,108,2,72.49
906366,501719,107,4,58.44
906367,501720,110,4,61.82
906368,501720,107,2,79.41
906369,501720,102,4,62.75
906370,501720,105,4,66.73
906371,501721,999,4,65.49
906372,501721,109,4,82.98
906373,501721,102,2,60.23
906374,501722,102,4,73.76
906375,501722,106,4,83.95
906376,501722,108,2,89.41
906377,501723,101,4,76.42
906378,501723,103,2,79.18
906379,501723,107,4,53.95
906380,501724,105,2,71.27
906381,501724,110,4,75.35
906382,501724,107,2,78.98
906383,501724,108,4,72.05
906384,501725,999,4,81.86
906385,501725,102,4,78.45
906386,501725,103,2,83.96
906387,501725,110,2,63.09
906388,501725,108,2,76.87
906389,501726,109,4,56.27
906390,501726,104,4,64.08
906391,501726,107,2,60.37
906392,501727,999,2,85.88
906393,501727,101,4,50.89
906394,501727,104,2,71.36
906395,501727,108,2,68.07
906396,501727,105,2,72.74
906397,501728,106,4,69.04
906398,501728,103,4,73.4
906399,501728,101,4,50.78
906400,501729,107,2,59.78
906401,501729,106,2,76.9
906402,501729,108,2,88.17
906403,501729,102,2,68.98
906404,501730,105,2,87.27
906405,501730,101,2,64.12
906406,501730,102,2,91.87
906407,501730,106,4,64.17
906408,501731,109,4,59.85
906409,501731,105,2,65.19
906410,501731,108,2,83.76
906411,501732,106,2,64.41
906412,501732,103,4,55.56
906413,501732,107,4,59.45
906414,501733,107,4,62.36
906415,501733,101,2,67.46
906416,501733,105,4,77.81
906417,501733,106,2,63.52
906418,501734,101,4,55.6
906419,501734,108,2,68.99
906420,501734,103,2,76.26
906421,501734,110,2,58.39
906422,501735,101,4,64.06
906423,501735,110,2,71.54
906424,501735,107,4,60.04
906425,501735,103,4,61.06
906426,501736,110,2,76.87
906427,501736,103,2,66.21
906428,501736,101,2,82.46
906429,501737,105,4,54.74
906430,501737,104,4,53.49
906431,501737,107,4,68.18
906432,501738,105,4,67.58
906433,501738,102,4,86.16
906434,501738,103,4,55.1
906435,501739,110,4,85.01
906436,501739,107,2,67.77
906437,501739,101,2,77.88
906438,501739,104,4,53.25
906439,501740,104,2,81.54
906440,501740,105,4,78.43
906441,501740,110,2,76.23
906442,501741,103,4,52.71
906443,501741,107,2,66.12
906444,501741,106,2,94.78
906445,501741,109,4,86.44
906446,501742,110,4,52.5
906447,501742,106,2,76.39
906448,501742,102,2,56.05
906449,501742,108,4,80.5
906450,501743,108,2,62.94
906451,501743,103,4,61.66
906452,501743,104,2,70.32
906453,501744,103,2,76.01
906454,501744,107,2,77.74
906455,501744,102,2,62.95
906456,501744,108,2,74.88
906457,501744,104,2,65.75
906458,501745,105,2,74.76
906459,501745,110,4,66.05
906460,501745,102,2,60.46
906461,501745,109,4,79.64
906462,501746,109,2,80.59
906463,501746,104,4,86.16
906464,501746,105,2,61.31
906465,501746,107,4,77.98
906466,501747,108,2,92.81
906467,501747,101,4,78.1
906468,501747,109,2,91.78
906469,501748,101,4,65.39
906470,501748,102,4,87.18
906471,501748,103,2,86.53
906472,501748,110,4,58.02
906473,501749,108,4,73.19
906474,501749,102,4,58.19
906475,501749,106,4,63.46
